product_id,product_category_name,month_year,qty,unit_price,customers,product_score,comp_1,comp_2,comp_3,competitor_benchmark,price_variance,variance_pct,revenue,performance_class,price_flag
bed1,bed_bath_table,01-05-2017,1,45.95,57,4.0,89.9,215.0,45.95,116.94999999999999,-70.99999999999999,-60.70970500213766,45.95,Revenue Opportunity,Potentially Low
bed1,bed_bath_table,01-06-2017,3,45.95,61,4.0,89.9,209.0,45.95,114.94999999999999,-68.99999999999999,-60.026098303610254,137.85000000000002,Revenue Opportunity,Potentially Low
bed1,bed_bath_table,01-07-2017,6,45.95,123,4.0,89.9,205.0,45.95,113.61666666666666,-67.66666666666666,-59.55698987824556,275.70000000000005,Revenue Opportunity,Potentially Low
bed1,bed_bath_table,01-08-2017,4,45.95,90,4.0,89.9,199.5098039,45.95,111.78660130000002,-65.83660130000001,-58.89489485713526,183.8,Revenue Opportunity,Potentially Low
bed1,bed_bath_table,01-09-2017,2,45.95,54,4.0,89.9,163.3987097,45.95,99.7495699,-53.799569899999995,-53.934638469052686,91.9,Revenue Opportunity,Potentially Low
bed1,bed_bath_table,01-10-2017,3,45.95,50,4.0,89.9,45.95,45.95,60.6,-14.649999999999999,-24.174917491749174,137.85000000000002,Revenue Opportunity,Potentially Low
bed1,bed_bath_table,01-11-2017,11,40.53181818,97,4.0,89.9,40.53181818,40.53181818,56.98787878666667,-16.456060606666668,-28.876422420054798,445.84999998,Revenue Opportunity,Potentially Low
bed1,bed_bath_table,01-12-2017,6,39.99,41,4.0,88.48823529,39.99,39.99,56.15607843000001,-16.166078430000006,-28.787762397175648,239.94,Revenue Opportunity,Potentially Low
bed1,bed_bath_table,01-01-2018,19,39.99,62,4.0,86.9,39.99,39.99,55.62666666666667,-15.63666666666667,-28.11001917545542,759.8100000000001,Revenue Opportunity,Potentially Low
bed1,bed_bath_table,01-02-2018,18,39.99,62,4.0,86.9,39.99,39.99,55.62666666666667,-15.63666666666667,-28.11001917545542,719.82,Revenue Opportunity,Potentially Low
bed1,bed_bath_table,01-03-2018,17,39.99,43,4.0,86.9,39.99,39.99,55.62666666666667,-15.63666666666667,-28.11001917545542,679.83,Revenue Opportunity,Potentially Low
bed1,bed_bath_table,01-04-2018,13,39.99,34,4.0,85.045,39.99,39.99,55.00833333333333,-15.01833333333333,-27.301923950916525,519.87,Revenue Opportunity,Potentially Low
bed1,bed_bath_table,01-05-2018,19,39.99,57,4.0,83.64961538,39.99,39.99,54.54320512666667,-14.553205126666668,-26.681976412771302,759.8100000000001,Revenue Opportunity,Potentially Low
bed1,bed_bath_table,01-06-2018,5,39.99,43,4.0,79.9,39.99,39.99,53.293333333333344,-13.303333333333342,-24.962471853890428,199.95000000000002,Revenue Opportunity,Potentially Low
bed1,bed_bath_table,01-07-2018,8,39.99,26,4.0,77.93333333,39.99,39.99,52.63777777666667,-12.647777776666665,-24.02794781787537,319.92,Revenue Opportunity,Potentially Low
bed1,bed_bath_table,01-08-2018,8,39.24,15,4.0,74.0,39.24,39.24,50.826666666666675,-11.586666666666673,-22.79643231899266,313.92,Revenue Opportunity,Potentially Low
garden5,garden_tools,01-03-2017,6,69.9,21,4.1,69.9,69.9,69.9,69.9,0.0,0.0,419.40000000000003,Low Performer,Within Range
garden5,garden_tools,01-04-2017,3,82.63333333,17,4.1,82.63333333,82.63333333,82.63333333,82.63333333,0.0,0.0,247.89999999,Low Performer,Within Range
garden5,garden_tools,01-05-2017,20,97.58823529,34,4.1,59.9,59.9,97.58823529,72.46274509666667,25.125490193333334,34.673665978035274,1951.7647058,Low Performer,Potentially High
garden5,garden_tools,01-06-2017,8,89.0,26,4.1,59.9,59.9,89.0,69.60000000000001,19.39999999999999,27.87356321839079,712.0,Low Performer,Potentially High
garden5,garden_tools,01-07-2017,10,89.0,74,4.1,59.9,59.9,59.9,59.9,29.1,48.58096828046745,890.0,Low Performer,Potentially High
garden5,garden_tools,01-08-2017,7,97.33333333,113,4.1,59.9,59.9,59.9,59.9,37.43333333,62.49304395659433,681.3333333100001,Low Performer,Potentially High
garden5,garden_tools,01-09-2017,9,99.0,115,4.1,59.9,59.9,59.9,59.9,39.1,65.2754590984975,891.0,Low Performer,Potentially High
garden5,garden_tools,01-10-2017,14,99.0,146,4.1,59.9,59.9,59.9,59.9,39.1,65.2754590984975,1386.0,Low Performer,Potentially High
garden5,garden_tools,01-11-2017,17,99.0,339,4.1,52.40694444,53.64828125,53.78571429,53.28031332666666,45.71968667333334,85.8097181092416,1683.0,Low Performer,Potentially High
garden5,garden_tools,01-12-2017,11,99.0,184,4.1,55.1,55.425,55.75,55.425000000000004,43.574999999999996,78.61975642760486,1089.0,Low Performer,Potentially High
garden5,garden_tools,01-01-2018,4,99.5,137,4.1,49.9,49.9,49.9,49.9,49.6,99.39879759519039,398.0,Low Performer,Potentially High
garden5,garden_tools,01-02-2018,2,101.0,160,4.1,50.54516129,50.9,50.35714286,50.60076805,50.39923195,99.60171335778766,202.0,Low Performer,Potentially High
garden5,garden_tools,01-03-2018,1,101.0,116,4.1,53.9,53.9,53.9,53.9,47.1,87.38404452690168,101.0,Low Performer,Potentially High
garden5,garden_tools,01-04-2018,1,101.0,111,4.1,53.9,53.9,53.9,53.9,47.1,87.38404452690168,101.0,Low Performer,Potentially High
consoles1,consoles_games,01-07-2017,13,19.9,13,4.2,19.9,19.9,19.9,19.9,0.0,0.0,258.7,Low Performer,Within Range
consoles1,consoles_games,01-08-2017,24,19.9,33,4.2,19.9,19.9,19.9,19.9,0.0,0.0,477.59999999999997,Low Performer,Within Range
consoles1,consoles_games,01-09-2017,9,19.9,17,4.2,19.9,19.9,19.9,19.9,0.0,0.0,179.1,Low Performer,Within Range
consoles1,consoles_games,01-10-2017,28,21.54285714,38,4.2,21.54285714,20.66666667,21.54285714,21.250793650000002,0.29206348999999676,1.3743650934185074,603.19999992,Low Performer,Within Range
consoles1,consoles_games,01-11-2017,28,24.5,49,4.2,24.5,24.5,24.5,24.5,0.0,0.0,686.0,Low Performer,Within Range
consoles1,consoles_games,01-12-2017,16,24.5,30,4.2,24.5,24.5,24.5,24.5,0.0,0.0,392.0,Low Performer,Within Range
consoles1,consoles_games,01-02-2018,5,32.5,6,4.2,32.5,32.5,32.5,32.5,0.0,0.0,162.5,Low Performer,Within Range
consoles1,consoles_games,01-03-2018,6,32.5,13,4.2,32.5,32.74285714,32.5,32.58095238,-0.08095237999999938,-0.24846535808969306,195.0,Low Performer,Within Range
consoles1,consoles_games,01-04-2018,7,35.05714286,13,4.2,35.05714286,34.2,35.05714286,34.77142857333333,0.28571428666666776,0.8216926896290533,245.40000002,Low Performer,Within Range
consoles1,consoles_games,01-05-2018,3,36.2,3,4.2,36.2,36.2,36.2,36.2,0.0,0.0,108.60000000000001,Low Performer,Within Range
consoles1,consoles_games,01-06-2018,2,36.2,2,4.2,36.2,36.2,36.2,36.2,0.0,0.0,72.4,Low Performer,Within Range
consoles1,consoles_games,01-07-2018,1,36.2,1,4.2,36.2,36.2,36.2,36.2,0.0,0.0,36.2,Low Performer,Within Range
garden7,garden_tools,01-04-2017,1,59.9,17,4.2,59.9,59.9,59.9,59.9,0.0,0.0,59.9,Low Performer,Within Range
garden7,garden_tools,01-05-2017,1,59.9,34,4.2,59.9,59.9,59.9,59.9,0.0,0.0,59.9,Low Performer,Within Range
garden7,garden_tools,01-07-2017,4,59.9,74,4.2,59.9,59.9,59.9,59.9,0.0,0.0,239.6,Low Performer,Within Range
garden7,garden_tools,01-08-2017,6,59.9,113,4.2,59.9,59.9,59.9,59.9,0.0,0.0,359.4,Low Performer,Within Range
garden7,garden_tools,01-09-2017,5,59.9,115,4.2,59.9,59.9,59.9,59.9,0.0,0.0,299.5,Low Performer,Within Range
garden7,garden_tools,01-10-2017,11,59.9,146,4.2,59.9,59.9,59.9,59.9,0.0,0.0,658.9,Low Performer,Within Range
garden7,garden_tools,01-11-2017,20,51.32222222,339,4.2,52.40694444,53.64828125,53.78571429,53.28031332666666,-1.9580911066666573,-3.67507430870651,1026.4444444,Low Performer,Within Range
garden7,garden_tools,01-12-2017,10,56.97777778,184,4.2,55.1,55.425,55.75,55.425000000000004,1.5527777799999924,2.8015837257555116,569.7777778,Low Performer,Within Range
garden7,garden_tools,01-01-2018,11,49.9,137,4.2,49.9,49.9,49.9,49.9,0.0,0.0,548.9,Low Performer,Within Range
garden7,garden_tools,01-02-2018,8,51.4,160,4.2,50.54516129,50.9,50.35714286,50.60076805,0.7992319499999994,1.5794858078246095,411.2,Low Performer,Within Range
garden7,garden_tools,01-03-2018,3,53.9,116,4.2,53.9,53.9,53.9,53.9,0.0,0.0,161.7,Low Performer,Within Range
garden7,garden_tools,01-04-2018,8,53.9,111,4.2,53.9,53.9,53.9,53.9,0.0,0.0,431.2,Low Performer,Within Range
garden7,garden_tools,01-05-2018,9,52.9,102,4.2,53.41515152,53.70952381,53.05789474,53.39419002333333,-0.4941900233333314,-0.9255501827396758,476.09999999999997,Low Performer,Within Range
garden7,garden_tools,01-06-2018,5,49.9,58,4.2,49.9,49.9,49.9,49.9,0.0,0.0,249.5,Low Performer,Within Range
garden7,garden_tools,01-07-2018,6,49.9,54,4.2,49.91,49.9,49.9,49.903333333333336,-0.003333333333337407,-0.00667958052235136,299.4,Low Performer,Within Range
garden7,garden_tools,01-08-2018,7,49.9,46,4.2,49.91,49.9,49.9,49.903333333333336,-0.003333333333337407,-0.00667958052235136,349.3,Low Performer,Within Range
health9,health_beauty,01-02-2017,11,19.99,19,4.3,19.99,19.99,64.99,34.99,-15.000000000000004,-42.86939125464419,219.89,Revenue Opportunity,Potentially Low
health9,health_beauty,01-03-2017,9,19.99,25,4.3,19.99,89.99,64.99,58.32333333333332,-38.33333333333333,-65.72555295193462,179.91,Revenue Opportunity,Potentially Low
health9,health_beauty,01-04-2017,13,19.99,23,4.3,19.99,19.99,64.99,34.99,-15.000000000000004,-42.86939125464419,259.87,Revenue Opportunity,Potentially Low
health9,health_beauty,01-05-2017,16,19.99,41,4.3,19.99,89.99,64.99,58.32333333333332,-38.33333333333333,-65.72555295193462,319.84,Revenue Opportunity,Potentially Low
health9,health_beauty,01-06-2017,21,19.99,53,4.3,19.99,89.99,58.79952381,56.25984127,-36.26984127,-64.46843867890635,419.78999999999996,Revenue Opportunity,Potentially Low
health9,health_beauty,01-07-2017,29,19.99,61,4.3,19.99,89.99,59.25666667,56.41222222333332,-36.42222222333332,-64.56441669526768,579.7099999999999,Revenue Opportunity,Potentially Low
health9,health_beauty,01-08-2017,28,23.39740741,82,4.3,23.39740741,89.99,58.99,57.45913580333333,-34.06172839333333,-59.27991766168773,655.12740748,Revenue Opportunity,Potentially Low
health9,health_beauty,01-09-2017,24,23.99,89,4.3,23.99,89.99,58.99,57.656666666666666,-33.66666666666667,-58.391628606116676,575.76,Revenue Opportunity,Potentially Low
health9,health_beauty,01-10-2017,27,23.99,81,4.3,23.99,89.99,58.99,57.656666666666666,-33.66666666666667,-58.391628606116676,647.7299999999999,Revenue Opportunity,Potentially Low
health9,health_beauty,01-11-2017,28,23.99,139,4.3,23.99,89.99,58.99,57.656666666666666,-33.66666666666667,-58.391628606116676,671.7199999999999,Revenue Opportunity,Potentially Low
health9,health_beauty,01-12-2017,19,23.99,112,4.3,23.99,89.99,58.99,57.656666666666666,-33.66666666666667,-58.391628606116676,455.80999999999995,Revenue Opportunity,Potentially Low
health9,health_beauty,01-01-2018,19,23.99,98,4.3,23.99,89.99,58.99,57.656666666666666,-33.66666666666667,-58.391628606116676,455.80999999999995,Revenue Opportunity,Potentially Low
health9,health_beauty,01-02-2018,14,23.99,126,4.3,23.99,89.99,58.99,57.656666666666666,-33.66666666666667,-58.391628606116676,335.85999999999996,Revenue Opportunity,Potentially Low
health9,health_beauty,01-03-2018,8,23.99,169,4.3,23.99,83.74,58.99,55.57333333333333,-31.583333333333332,-56.83181381957774,191.92,Revenue Opportunity,Potentially Low
health9,health_beauty,01-05-2018,7,23.99,159,4.3,23.99,79.99,58.99,54.32333333333333,-30.333333333333332,-55.83849788304596,167.92999999999998,Revenue Opportunity,Potentially Low
health9,health_beauty,01-06-2018,3,23.99,131,4.3,23.99,79.99,58.99,54.32333333333333,-30.333333333333332,-55.83849788304596,71.97,Revenue Opportunity,Potentially Low
health9,health_beauty,01-07-2018,3,23.99,113,4.3,23.99,79.99,58.99,54.32333333333333,-30.333333333333332,-55.83849788304596,71.97,Revenue Opportunity,Potentially Low
health9,health_beauty,01-08-2018,2,23.99,127,4.3,23.99,82.82142857,58.99,55.26714285666666,-31.27714285666666,-56.59265386268076,47.98,Revenue Opportunity,Potentially Low
cool4,cool_stuff,01-07-2017,1,134.99,42,3.8,99.99,129.99,134.99,121.65666666666668,13.333333333333329,10.9598049154725,134.99,High-Value / Lower Volume,Within Range
cool4,cool_stuff,01-08-2017,1,134.99,39,3.8,99.99,116.9275,134.99,117.30250000000001,17.6875,15.078536263080498,134.99,High-Value / Lower Volume,Potentially High
cool4,cool_stuff,01-10-2017,12,146.99,33,3.8,99.99,119.99,146.99,122.32333333333334,24.66666666666667,20.165136114668776,1763.88,High-Value / Lower Volume,Potentially High
cool4,cool_stuff,01-11-2017,27,157.3603704,42,3.8,99.99,129.99,157.3603704,129.1134568,28.2469136,21.877590686581325,4248.7300008,High-Value / Lower Volume,Potentially High
cool4,cool_stuff,01-12-2017,29,166.99,38,3.8,99.99,129.99,166.99,132.32333333333335,34.66666666666666,26.198453283623437,4842.71,High-Value / Lower Volume,Potentially High
cool4,cool_stuff,01-01-2018,13,166.99,102,3.8,99.99,129.99,29.5,86.49333333333334,80.49666666666667,93.06690303684292,2170.87,High-Value / Lower Volume,Potentially High
cool4,cool_stuff,01-02-2018,8,176.99,20,3.8,99.99,129.99,176.99,135.65666666666667,41.33333333333334,30.46907634469372,1415.92,High-Value / Lower Volume,Potentially High
cool4,cool_stuff,01-03-2018,11,173.8081818,45,3.8,99.99,129.99,35.0,88.32666666666667,85.48151513333333,96.7788306287267,1911.8899998,High-Value / Lower Volume,Potentially High
cool4,cool_stuff,01-04-2018,6,169.99,18,3.8,89.86333333,129.99,35.0,84.95111111,85.03888889000001,100.10332740661431,1019.94,High-Value / Lower Volume,Potentially High
health3,health_beauty,01-01-2018,1,110.99,98,4.1,23.99,89.99,58.99,57.656666666666666,53.33333333333333,92.50158987107591,110.99,High Performer,Potentially High
health3,health_beauty,01-02-2018,2,110.99,126,4.1,23.99,89.99,58.99,57.656666666666666,53.33333333333333,92.50158987107591,221.98,High Performer,Potentially High
health3,health_beauty,01-03-2018,9,110.99,169,4.1,23.99,83.74,58.99,55.57333333333333,55.416666666666664,99.71809021113243,998.91,High Performer,Potentially High
health3,health_beauty,01-04-2018,13,116.5284615,118,4.1,116.5284615,79.99,58.99,85.16948716666667,31.358974333333336,36.81949413640065,1514.8699995000002,High Performer,Potentially High
health3,health_beauty,01-05-2018,23,119.99,159,4.1,23.99,79.99,58.99,54.32333333333333,65.66666666666666,120.8811437687918,2759.77,High Performer,Potentially High
health3,health_beauty,01-06-2018,43,122.99,131,4.1,23.99,79.99,58.99,54.32333333333333,68.66666666666666,126.40363257041172,5288.57,High Performer,Potentially High
health3,health_beauty,01-07-2018,33,122.99,113,4.1,23.99,79.99,58.99,54.32333333333333,68.66666666666666,126.40363257041172,4058.6699999999996,High Performer,Potentially High
health3,health_beauty,01-08-2018,32,122.99,127,4.1,23.99,82.82142857,58.99,55.26714285666666,67.72285714333333,122.53728642888255,3935.68,High Performer,Potentially High
perfumery1,perfumery,01-06-2017,4,56.99,4,4.3,56.99,56.99,56.99,56.99,0.0,0.0,227.96,Low Performer,Within Range
perfumery1,perfumery,01-07-2017,7,56.99,7,4.3,56.99,56.99,56.99,56.99,0.0,0.0,398.93,Low Performer,Within Range
perfumery1,perfumery,01-08-2017,7,56.99,8,4.3,56.99,142.5,56.99,85.49333333333334,-28.503333333333337,-33.3398315658141,398.93,Low Performer,Potentially Low
perfumery1,perfumery,01-09-2017,17,56.99,18,4.3,56.99,142.5,56.99,85.49333333333334,-28.503333333333337,-33.3398315658141,968.83,Low Performer,Potentially Low
perfumery1,perfumery,01-10-2017,17,56.99,19,4.3,56.99,142.5,56.99,85.49333333333334,-28.503333333333337,-33.3398315658141,968.83,Low Performer,Potentially Low
perfumery1,perfumery,01-11-2017,20,56.99,27,4.3,56.99,118.05,56.99,77.34333333333333,-20.35333333333333,-26.31556264276171,1139.8,Low Performer,Potentially Low
perfumery1,perfumery,01-12-2017,24,56.99,34,4.3,56.99,118.0,56.99,77.32666666666667,-20.336666666666666,-26.29968100698336,1367.76,Low Performer,Potentially Low
perfumery1,perfumery,01-01-2018,10,56.99,15,4.3,56.99,117.9,56.99,77.29333333333334,-20.303333333333335,-26.267897188200795,569.9,Low Performer,Potentially Low
perfumery1,perfumery,01-02-2018,4,56.99,12,4.3,56.99,117.8888889,56.99,77.28962963333333,-20.299629633333332,-26.264363964009142,227.96,Low Performer,Potentially Low
perfumery1,perfumery,01-03-2018,14,50.49,18,4.3,50.49,117.7,50.49,72.89333333333333,-22.40333333333333,-30.734406438631783,706.86,Low Performer,Potentially Low
perfumery1,perfumery,01-04-2018,2,49.99,10,4.3,49.99,117.975,49.99,72.65166666666667,-22.66166666666667,-31.192218577229248,99.98,Low Performer,Potentially Low
perfumery1,perfumery,01-07-2018,8,49.99,13,4.3,49.99,118.7,49.99,72.89333333333333,-22.90333333333333,-31.42034022315712,399.92,Low Performer,Potentially Low
perfumery1,perfumery,01-08-2018,4,49.99,19,4.3,49.99,116.9066667,49.99,72.29555556666666,-22.305555566666662,-30.853287441850842,199.96,Low Performer,Potentially Low
cool5,cool_stuff,01-04-2017,2,99.99,33,4.3,99.99,129.99,99.99,109.99000000000001,-10.000000000000014,-9.091735612328405,199.98,Low Performer,Within Range
cool5,cool_stuff,01-05-2017,18,99.99,58,4.3,99.99,129.99,99.99,109.99000000000001,-10.000000000000014,-9.091735612328405,1799.82,Low Performer,Within Range
cool5,cool_stuff,01-06-2017,11,99.99,42,4.3,99.99,129.99,99.99,109.99000000000001,-10.000000000000014,-9.091735612328405,1099.8899999999999,Low Performer,Within Range
cool5,cool_stuff,01-07-2017,14,99.99,42,4.3,99.99,129.99,99.99,109.99000000000001,-10.000000000000014,-9.091735612328405,1399.86,Low Performer,Within Range
cool5,cool_stuff,01-08-2017,8,99.99,39,4.3,99.99,116.9275,99.99,105.63583333333332,-5.645833333333329,-5.34461948675875,799.92,Low Performer,Within Range
cool5,cool_stuff,01-09-2017,6,99.99,10,4.3,99.99,99.99,29.5,76.49333333333333,23.49666666666667,30.71727383649992,599.9399999999999,Low Performer,Potentially High
cool5,cool_stuff,01-10-2017,9,99.99,33,4.3,99.99,119.99,99.99,106.65666666666665,-6.666666666666657,-6.250585992436783,899.91,Low Performer,Within Range
cool5,cool_stuff,01-11-2017,2,99.99,42,4.3,99.99,129.99,99.99,109.99000000000001,-10.000000000000014,-9.091735612328405,199.98,Low Performer,Within Range
cool5,cool_stuff,01-12-2017,3,99.99,38,4.3,99.99,129.99,99.99,109.99000000000001,-10.000000000000014,-9.091735612328405,299.96999999999997,Low Performer,Within Range
cool5,cool_stuff,01-01-2018,6,99.99,102,4.3,99.99,129.99,29.5,86.49333333333334,13.496666666666655,15.60428549406504,599.9399999999999,Low Performer,Potentially High
cool5,cool_stuff,01-02-2018,9,99.99,20,4.3,99.99,129.99,99.99,109.99000000000001,-10.000000000000014,-9.091735612328405,899.91,Low Performer,Within Range
cool5,cool_stuff,01-03-2018,5,97.952,45,4.3,99.99,129.99,35.0,88.32666666666667,9.62533333333333,10.897426220846853,489.76,Low Performer,Within Range
cool5,cool_stuff,01-04-2018,4,84.6925,18,4.3,89.86333333,129.99,35.0,84.95111111,-0.2586111100000039,-0.3044234579405773,338.77,Low Performer,Within Range
health8,health_beauty,01-03-2017,6,89.99,25,4.1,19.99,89.99,64.99,58.32333333333332,31.66666666666667,54.2950220037721,539.9399999999999,High Performer,Potentially High
health8,health_beauty,01-05-2017,6,89.99,41,4.1,19.99,89.99,64.99,58.32333333333332,31.66666666666667,54.2950220037721,539.9399999999999,High Performer,Potentially High
health8,health_beauty,01-06-2017,9,89.99,53,4.1,19.99,89.99,58.79952381,56.25984127,33.73015872999999,59.95423728290229,809.91,High Performer,Potentially High
health8,health_beauty,01-07-2017,17,89.99,61,4.1,19.99,89.99,59.25666667,56.41222222333332,33.57777777666667,59.52216816372494,1529.83,High Performer,Potentially High
health8,health_beauty,01-08-2017,18,89.99,82,4.1,23.39740741,89.99,58.99,57.45913580333333,32.53086419666666,56.61565170073351,1619.82,High Performer,Potentially High
health8,health_beauty,01-09-2017,21,89.99,89,4.1,23.99,89.99,58.99,57.656666666666666,32.33333333333333,56.07908885933976,1889.79,High Performer,Potentially High
health8,health_beauty,01-10-2017,24,89.99,81,4.1,23.99,89.99,58.99,57.656666666666666,32.33333333333333,56.07908885933976,2159.7599999999998,High Performer,Potentially High
health8,health_beauty,01-11-2017,26,89.99,139,4.1,23.99,89.99,58.99,57.656666666666666,32.33333333333333,56.07908885933976,2339.74,High Performer,Potentially High
health8,health_beauty,01-12-2017,19,89.99,112,4.1,23.99,89.99,58.99,57.656666666666666,32.33333333333333,56.07908885933976,1709.81,High Performer,Potentially High
health8,health_beauty,01-01-2018,20,89.99,98,4.1,23.99,89.99,58.99,57.656666666666666,32.33333333333333,56.07908885933976,1799.8,High Performer,Potentially High
health8,health_beauty,01-02-2018,17,89.99,126,4.1,23.99,89.99,58.99,57.656666666666666,32.33333333333333,56.07908885933976,1529.83,High Performer,Potentially High
health8,health_beauty,01-03-2018,16,83.74,169,4.1,23.99,83.74,58.99,55.57333333333333,28.166666666666664,50.6837811900192,1339.84,High Performer,Potentially High
health8,health_beauty,01-04-2018,14,79.99,118,4.1,79.99,79.99,58.99,72.99,7.0,9.590354843129196,1119.86,High Performer,Within Range
health8,health_beauty,01-05-2018,16,79.99,159,4.1,23.99,79.99,58.99,54.32333333333333,25.666666666666664,47.24795974719273,1279.84,High Performer,Potentially High
health8,health_beauty,01-06-2018,13,79.99,131,4.1,23.99,79.99,58.99,54.32333333333333,25.666666666666664,47.24795974719273,1039.87,High Performer,Potentially High
health8,health_beauty,01-07-2018,10,79.99,113,4.1,23.99,79.99,58.99,54.32333333333333,25.666666666666664,47.24795974719273,799.9,High Performer,Potentially High
health8,health_beauty,01-08-2018,7,82.82142857,127,4.1,23.99,82.82142857,58.99,55.26714285666666,27.554285713333336,49.85654095561694,579.74999999,High Performer,Potentially High
garden4,garden_tools,01-07-2017,13,59.9,74,4.1,59.9,59.9,59.9,59.9,0.0,0.0,778.6999999999999,High Performer,Within Range
garden4,garden_tools,01-08-2017,23,59.9,113,4.1,59.9,59.9,59.9,59.9,0.0,0.0,1377.7,High Performer,Within Range
garden4,garden_tools,01-09-2017,13,59.9,115,4.1,59.9,59.9,59.9,59.9,0.0,0.0,778.6999999999999,High Performer,Within Range
garden4,garden_tools,01-10-2017,36,59.9,146,4.1,59.9,59.9,59.9,59.9,0.0,0.0,2156.4,High Performer,Within Range
garden4,garden_tools,01-11-2017,69,53.78571429,339,4.1,52.40694444,53.64828125,53.78571429,53.28031332666666,0.5054009633333436,0.9485698033243204,3711.2142860100003,High Performer,Within Range
garden4,garden_tools,01-12-2017,44,55.75,184,4.1,55.1,55.425,55.75,55.425000000000004,0.32499999999999574,0.5863779882724325,2453.0,High Performer,Within Range
garden4,garden_tools,01-01-2018,39,49.9,137,4.1,49.9,49.9,49.9,49.9,0.0,0.0,1946.1,High Performer,Within Range
garden4,garden_tools,01-02-2018,48,50.35714286,160,4.1,50.54516129,50.9,50.35714286,50.60076805,-0.24362518999999594,-0.4814653994169876,2417.14285728,High Performer,Within Range
garden4,garden_tools,01-03-2018,26,53.9,116,4.1,53.9,53.9,53.9,53.9,0.0,0.0,1401.3999999999999,High Performer,Within Range
garden4,garden_tools,01-04-2018,28,53.9,111,4.1,53.9,53.9,53.9,53.9,0.0,0.0,1509.2,High Performer,Within Range
garden4,garden_tools,01-05-2018,25,53.05789474,102,4.1,53.41515152,53.70952381,53.05789474,53.39419002333333,-0.33629528333332814,-0.6298349749033868,1326.4473685,High Performer,Within Range
garden4,garden_tools,01-06-2018,15,49.9,58,4.1,49.9,49.9,49.9,49.9,0.0,0.0,748.5,High Performer,Within Range
garden4,garden_tools,01-07-2018,3,49.9,54,4.1,49.91,49.9,49.9,49.903333333333336,-0.003333333333337407,-0.00667958052235136,149.7,High Performer,Within Range
garden4,garden_tools,01-08-2018,6,49.9,46,4.1,49.91,49.9,49.9,49.903333333333336,-0.003333333333337407,-0.00667958052235136,299.4,High Performer,Within Range
computers5,computers_accessories,01-10-2017,1,167.0,31,3.5,154.6958824,167.0,167.0,162.89862746666665,4.101372533333347,2.5177452978679,167.0,Low Performer,Within Range
computers5,computers_accessories,01-12-2017,2,119.9,35,3.5,149.99,119.9,109.9,126.59666666666665,-6.696666666666644,-5.289765396666562,239.8,Low Performer,Within Range
computers5,computers_accessories,01-01-2018,57,93.09489362,152,3.5,156.5113514,150.3545455,97.6425,134.8361323,-41.74123868000001,-30.957012759108938,5306.40893634,Low Performer,Potentially Low
computers5,computers_accessories,01-02-2018,45,77.155,202,3.5,149.0,149.9,78.7122807,125.87076023333333,-48.71576023333333,-38.70299992073324,3471.975,Low Performer,Potentially Low
computers5,computers_accessories,01-03-2018,6,88.0,127,3.5,136.1428571,149.9,81.02391304,122.35559004666668,-34.35559004666668,-28.07848013610443,528.0,Low Performer,Potentially Low
computers5,computers_accessories,01-04-2018,10,88.0,107,3.5,120.9230769,149.9,80.66666667,117.16324785666666,-29.163247856666658,-24.89112276261233,880.0,Low Performer,Potentially Low
computers5,computers_accessories,01-06-2018,3,89.9,66,3.5,114.4911538,149.9,78.9,114.43038459999998,-24.530384599999977,-21.436950234631983,269.70000000000005,Low Performer,Potentially Low
computers5,computers_accessories,01-07-2018,3,78.9,43,3.5,119.99,149.9,77.9,115.92999999999999,-37.02999999999999,-31.941688950228574,236.70000000000002,Low Performer,Potentially Low
garden10,garden_tools,01-05-2017,3,59.9,34,4.2,59.9,59.9,59.9,59.9,0.0,0.0,179.7,High Performer,Within Range
garden10,garden_tools,01-06-2017,3,59.9,26,4.2,59.9,59.9,59.9,59.9,0.0,0.0,179.7,High Performer,Within Range
garden10,garden_tools,01-07-2017,19,59.9,74,4.2,59.9,59.9,59.9,59.9,0.0,0.0,1138.1,High Performer,Within Range
garden10,garden_tools,01-08-2017,27,59.9,113,4.2,59.9,59.9,59.9,59.9,0.0,0.0,1617.3,High Performer,Within Range
garden10,garden_tools,01-09-2017,17,59.9,115,4.2,59.9,59.9,59.9,59.9,0.0,0.0,1018.3,High Performer,Within Range
garden10,garden_tools,01-10-2017,31,59.9,146,4.2,59.9,59.9,59.9,59.9,0.0,0.0,1856.8999999999999,High Performer,Within Range
garden10,garden_tools,01-11-2017,87,53.64828125,339,4.2,52.40694444,53.64828125,53.78571429,53.28031332666666,0.36796792333333883,0.6906264253314213,4667.40046875,High Performer,Within Range
garden10,garden_tools,01-12-2017,32,55.425,184,4.2,55.1,55.425,55.75,55.425000000000004,-7.105427357601002e-15,-1.2819895999280111e-14,1773.6,High Performer,Within Range
garden10,garden_tools,01-01-2018,29,49.9,137,4.2,49.9,49.9,49.9,49.9,0.0,0.0,1447.1,High Performer,Within Range
garden10,garden_tools,01-02-2018,36,50.9,160,4.2,50.54516129,50.9,50.35714286,50.60076805,0.29923194999999936,0.5913585139741755,1832.3999999999999,High Performer,Within Range
garden10,garden_tools,01-03-2018,35,53.9,116,4.2,53.9,53.9,53.9,53.9,0.0,0.0,1886.5,High Performer,Within Range
garden10,garden_tools,01-04-2018,13,53.9,111,4.2,53.9,53.9,53.9,53.9,0.0,0.0,700.6999999999999,High Performer,Within Range
garden10,garden_tools,01-05-2018,29,53.70952381,102,4.2,53.41515152,53.70952381,53.05789474,53.39419002333333,0.31533378666667033,0.5905769645140587,1557.57619049,High Performer,Within Range
garden10,garden_tools,01-06-2018,6,49.9,58,4.2,49.9,49.9,49.9,49.9,0.0,0.0,299.4,High Performer,Within Range
garden10,garden_tools,01-07-2018,14,49.9,54,4.2,49.91,49.9,49.9,49.903333333333336,-0.003333333333337407,-0.00667958052235136,698.6,High Performer,Within Range
garden10,garden_tools,01-08-2018,10,49.9,46,4.2,49.91,49.9,49.9,49.903333333333336,-0.003333333333337407,-0.00667958052235136,499.0,High Performer,Within Range
computers6,computers_accessories,01-01-2018,22,150.3545455,152,4.3,156.5113514,150.3545455,97.6425,134.8361323,15.518413199999998,11.509091024261007,3307.800001,High Performer,Within Range
computers6,computers_accessories,01-02-2018,69,149.9,202,4.3,149.0,149.9,78.7122807,125.87076023333333,24.029239766666677,19.09040647893315,10343.1,High Performer,Potentially High
computers6,computers_accessories,01-03-2018,51,149.9,127,4.3,136.1428571,149.9,81.02391304,122.35559004666668,27.54440995333333,22.511770768158474,7644.900000000001,High Performer,Potentially High
computers6,computers_accessories,01-04-2018,35,149.9,107,4.3,120.9230769,149.9,80.66666667,117.16324785666666,32.73675214333335,27.941144294141047,5246.5,High Performer,Potentially High
computers6,computers_accessories,01-05-2018,52,149.9,78,4.3,119.0,149.9,79.8,116.23333333333333,33.66666666666667,28.96472612560941,7794.8,High Performer,Potentially High
computers6,computers_accessories,01-06-2018,27,149.9,66,4.3,114.4911538,149.9,78.9,114.43038459999998,35.46961540000002,30.99667586016313,4047.3,High Performer,Potentially High
computers6,computers_accessories,01-07-2018,13,149.9,43,4.3,119.99,149.9,77.9,115.92999999999999,33.97000000000001,29.3021650996291,1948.7,High Performer,Potentially High
computers6,computers_accessories,01-08-2018,5,149.9,18,4.3,119.99,149.9,77.9,115.92999999999999,33.97000000000001,29.3021650996291,749.5,High Performer,Potentially High
health6,health_beauty,01-01-2018,3,61.99,98,3.9,23.99,89.99,58.99,57.656666666666666,4.333333333333336,7.515754177024922,185.97,Revenue Opportunity,Within Range
health6,health_beauty,01-03-2018,13,61.99,169,3.9,23.99,83.74,58.99,55.57333333333333,6.416666666666671,11.54630518234166,805.87,Revenue Opportunity,Within Range
health6,health_beauty,01-04-2018,15,64.99,118,3.9,64.99,79.99,58.99,67.99,-3.0,-4.412413590233858,974.8499999999999,Revenue Opportunity,Within Range
health6,health_beauty,01-05-2018,38,64.99,159,3.9,23.99,79.99,58.99,54.32333333333333,10.666666666666664,19.635515739093083,2469.62,Revenue Opportunity,Potentially High
health6,health_beauty,01-06-2018,26,66.99,131,3.9,23.99,79.99,58.99,54.32333333333333,12.666666666666664,23.317174940173036,1741.7399999999998,Revenue Opportunity,Potentially High
health6,health_beauty,01-07-2018,27,66.99,113,3.9,23.99,79.99,58.99,54.32333333333333,12.666666666666664,23.317174940173036,1808.7299999999998,Revenue Opportunity,Potentially High
health6,health_beauty,01-08-2018,28,66.99,127,3.9,23.99,82.82142857,58.99,55.26714285666666,11.722857143333336,21.211259597291185,1875.7199999999998,Revenue Opportunity,Potentially High
garden6,garden_tools,01-05-2017,4,59.9,34,4.1,59.9,59.9,59.9,59.9,0.0,0.0,239.6,High Performer,Within Range
garden6,garden_tools,01-06-2017,1,59.9,26,4.1,59.9,59.9,59.9,59.9,0.0,0.0,59.9,High Performer,Within Range
garden6,garden_tools,01-07-2017,14,59.9,74,4.1,59.9,59.9,59.9,59.9,0.0,0.0,838.6,High Performer,Within Range
garden6,garden_tools,01-08-2017,39,59.9,113,4.1,59.9,59.9,59.9,59.9,0.0,0.0,2336.1,High Performer,Within Range
garden6,garden_tools,01-09-2017,37,59.9,115,4.1,59.9,59.9,59.9,59.9,0.0,0.0,2216.2999999999997,High Performer,Within Range
garden6,garden_tools,01-10-2017,39,59.9,146,4.1,59.9,59.9,59.9,59.9,0.0,0.0,2336.1,High Performer,Within Range
garden6,garden_tools,01-11-2017,91,52.40694444,339,4.1,52.40694444,53.64828125,53.78571429,53.28031332666666,-0.8733688866666611,-1.6391962286557018,4769.03194404,High Performer,Within Range
garden6,garden_tools,01-12-2017,51,55.1,184,4.1,55.1,55.425,55.75,55.425000000000004,-0.32500000000000284,-0.5863779882724452,2810.1,High Performer,Within Range
garden6,garden_tools,01-01-2018,12,49.9,137,4.1,49.9,49.9,49.9,49.9,0.0,0.0,598.8,High Performer,Within Range
garden6,garden_tools,01-02-2018,39,50.54516129,160,4.1,50.54516129,50.9,50.35714286,50.60076805,-0.055606759999996314,-0.10989311455717383,1971.26129031,High Performer,Within Range
garden6,garden_tools,01-03-2018,31,53.9,116,4.1,53.9,53.9,53.9,53.9,0.0,0.0,1670.8999999999999,High Performer,Within Range
garden6,garden_tools,01-04-2018,46,53.9,111,4.1,53.9,53.9,53.9,53.9,0.0,0.0,2479.4,High Performer,Within Range
garden6,garden_tools,01-05-2018,56,53.41515152,102,4.1,53.41515152,53.70952381,53.05789474,53.39419002333333,0.02096149666667202,0.03925801038935476,2991.24848512,High Performer,Within Range
garden6,garden_tools,01-06-2018,12,49.9,58,4.1,49.9,49.9,49.9,49.9,0.0,0.0,598.8,High Performer,Within Range
garden6,garden_tools,01-07-2018,6,49.91,54,4.1,49.91,49.9,49.9,49.903333333333336,0.006666666666660603,0.013359161044674243,299.46,High Performer,Within Range
garden6,garden_tools,01-08-2018,6,49.91,46,4.1,49.91,49.9,49.9,49.903333333333336,0.006666666666660603,0.013359161044674243,299.46,High Performer,Within Range
health10,health_beauty,01-02-2018,21,47.35789474,126,4.2,23.99,89.99,58.99,57.656666666666666,-10.298771926666667,-17.86223956755507,994.51578954,Revenue Opportunity,Potentially Low
health10,health_beauty,01-03-2018,58,48.45944444,169,4.2,23.99,83.74,58.99,55.57333333333333,-7.113888893333332,-12.800903718809979,2810.64777752,Revenue Opportunity,Within Range
health10,health_beauty,01-04-2018,18,53.70176471,118,4.2,53.70176471,79.99,58.99,64.22725490333333,-10.525490193333333,-16.387887368337566,966.63176478,Revenue Opportunity,Potentially Low
health10,health_beauty,01-05-2018,33,52.06928571,159,4.2,23.99,79.99,58.99,54.32333333333333,-2.254047623333328,-4.149317586058774,1718.2864284300001,Revenue Opportunity,Within Range
health10,health_beauty,01-06-2018,9,49.98,131,4.2,23.99,79.99,58.99,54.32333333333333,-4.343333333333334,-7.995336565011966,449.82,Revenue Opportunity,Within Range
health10,health_beauty,01-07-2018,5,51.512,113,4.2,23.99,79.99,58.99,54.32333333333333,-2.81133333333333,-5.175185616984716,257.56,Revenue Opportunity,Within Range
health10,health_beauty,01-08-2018,11,50.71,127,4.2,23.99,82.82142857,58.99,55.26714285666666,-4.557142856666658,-8.245663917321442,557.8100000000001,Revenue Opportunity,Within Range
watches2,watches_gifts,01-06-2017,5,157.99,17,4.0,163.0,157.99,185.0,168.66333333333333,-10.673333333333318,-6.328188304116673,789.95,High Performer,Within Range
watches2,watches_gifts,01-07-2017,6,171.792,29,4.0,161.5909091,171.792,197.383,176.9219697,-5.129969700000004,-2.8995662374202045,1030.752,High Performer,Within Range
watches2,watches_gifts,01-08-2017,5,169.9,48,4.0,160.6692308,169.9,179.9,170.15641026666665,-0.25641026666664857,-0.15069092387692368,849.5,High Performer,Within Range
watches2,watches_gifts,01-09-2017,10,160.4,54,4.0,148.7785714,160.4,164.57,157.91619046666668,2.4838095333333285,1.5728656612050282,1604.0,High Performer,Within Range
watches2,watches_gifts,01-10-2017,16,149.475,43,4.0,134.9,149.475,232.49,172.28833333333333,-22.813333333333333,-13.24136863591073,2391.6,High Performer,Within Range
watches2,watches_gifts,01-11-2017,26,140.56,91,4.0,133.0,108.0,174.4333333,138.47777776666666,2.08222223333334,1.5036508145313094,3654.56,High Performer,Within Range
watches2,watches_gifts,01-12-2017,6,149.0,73,4.0,149.0,108.0,185.96,147.65333333333334,1.346666666666664,0.9120462344229708,894.0,High Performer,Within Range
watches2,watches_gifts,01-01-2018,8,148.5,59,4.0,148.5,108.0,199.0,151.83333333333334,-3.333333333333343,-2.195389681668502,1188.0,High Performer,Within Range
watches2,watches_gifts,01-02-2018,14,145.9942857,90,4.0,128.2416667,108.0,182.0,139.4138889,6.580396800000017,4.720043929568639,2043.9199998000001,High Performer,Within Range
watches2,watches_gifts,01-03-2018,9,123.9666667,125,4.0,117.4412903,105.6428571,151.8784375,124.98752830000001,-1.0208616000000035,-0.8167707721603159,1115.7000003,High Performer,Within Range
watches2,watches_gifts,01-04-2018,10,119.19,178,4.0,105.648625,105.0,150.1333333,120.26065276666667,-1.0706527666666688,-0.8902768628272636,1191.9,High Performer,Within Range
watches2,watches_gifts,01-05-2018,22,118.1318182,260,4.0,103.7925234,105.0,132.53125,113.77459113333333,4.357227066666667,3.8297013623722003,2598.9000004,High Performer,Within Range
watches2,watches_gifts,01-06-2018,1,139.9,93,4.0,119.0,105.0,138.22,120.74000000000001,19.159999999999997,15.868809011098223,139.9,High Performer,Potentially High
watches2,watches_gifts,01-07-2018,5,138.98,122,4.0,118.3636364,105.0,155.0,126.12121213333334,12.858787866666646,10.195579037943704,694.9,High Performer,Within Range
watches2,watches_gifts,01-08-2018,3,138.0,61,4.0,112.0,105.0,145.5509091,120.85030303333333,17.149696966666667,14.190859713389697,414.0,High Performer,Within Range
health1,health_beauty,01-08-2017,3,84.99,82,3.8,23.39740741,89.99,58.99,57.45913580333333,27.530864196666663,47.91381529109168,254.96999999999997,Low Performer,Potentially High
health1,health_beauty,01-09-2017,4,84.99,89,3.8,23.99,89.99,58.99,57.656666666666666,27.33333333333333,47.4070648089264,339.96,Low Performer,Potentially High
health1,health_beauty,01-10-2017,3,84.99,81,3.8,23.99,89.99,58.99,57.656666666666666,27.33333333333333,47.4070648089264,254.96999999999997,Low Performer,Potentially High
health1,health_beauty,01-11-2017,36,84.99,139,3.8,23.99,89.99,58.99,57.656666666666666,27.33333333333333,47.4070648089264,3059.64,Low Performer,Potentially High
health1,health_beauty,01-12-2017,50,84.99,112,3.8,23.99,89.99,58.99,57.656666666666666,27.33333333333333,47.4070648089264,4249.5,Low Performer,Potentially High
health1,health_beauty,01-01-2018,13,84.99,98,3.8,23.99,89.99,58.99,57.656666666666666,27.33333333333333,47.4070648089264,1104.87,Low Performer,Potentially High
health1,health_beauty,01-02-2018,7,84.99,126,3.8,23.99,89.99,58.99,57.656666666666666,27.33333333333333,47.4070648089264,594.93,Low Performer,Potentially High
health1,health_beauty,01-03-2018,4,84.99,169,3.8,23.99,83.74,58.99,55.57333333333333,29.416666666666664,52.93306142034548,339.96,Low Performer,Potentially High
health1,health_beauty,01-06-2018,2,84.99,131,3.8,23.99,79.99,58.99,54.32333333333333,30.666666666666664,56.45210774989262,169.98,Low Performer,Potentially High
garden8,garden_tools,01-02-2017,1,179.99,3,4.2,179.99,179.99,179.99,179.99,0.0,0.0,179.99,High-Value / Lower Volume,Within Range
garden8,garden_tools,01-04-2017,3,179.99,17,4.2,179.99,179.99,179.99,179.99,0.0,0.0,539.97,High-Value / Lower Volume,Within Range
garden8,garden_tools,01-09-2017,2,179.99,115,4.2,59.9,59.9,59.9,59.9,120.09,200.48414023372288,359.98,High-Value / Lower Volume,Potentially High
garden8,garden_tools,01-10-2017,6,179.99,146,4.2,59.9,59.9,59.9,59.9,120.09,200.48414023372288,1079.94,High-Value / Lower Volume,Potentially High
garden8,garden_tools,01-11-2017,13,179.99,339,4.2,52.40694444,53.64828125,53.78571429,53.28031332666666,126.70968667333335,237.81708244931713,2339.87,High-Value / Lower Volume,Potentially High
garden8,garden_tools,01-12-2017,15,183.99,184,4.2,55.1,55.425,55.75,55.425000000000004,128.565,231.96211096075774,2759.8500000000004,High-Value / Lower Volume,Potentially High
garden8,garden_tools,01-01-2018,14,187.8542857,137,4.2,49.9,49.9,49.9,49.9,137.95428569999999,276.46149438877757,2629.9599998,High-Value / Lower Volume,Potentially High
garden8,garden_tools,01-02-2018,12,179.0,160,4.2,50.54516129,50.9,50.35714286,50.60076805,128.39923195,253.74957119845539,2148.0,High-Value / Lower Volume,Potentially High
garden8,garden_tools,01-03-2018,13,175.1538462,116,4.2,53.9,53.9,53.9,53.9,121.2538462,224.96075361781078,2277.0000006,High-Value / Lower Volume,Potentially High
garden8,garden_tools,01-04-2018,11,179.0,111,4.2,53.9,53.9,53.9,53.9,125.1,232.09647495361781,1969.0,High-Value / Lower Volume,Potentially High
garden8,garden_tools,01-05-2018,3,179.0,102,4.2,53.41515152,53.70952381,53.05789474,53.39419002333333,125.60580997666668,235.24246724555007,537.0,High-Value / Lower Volume,Potentially High
garden8,garden_tools,01-06-2018,10,159.0,58,4.2,49.9,49.9,49.9,49.9,109.1,218.63727454909818,1590.0,High-Value / Lower Volume,Potentially High
garden8,garden_tools,01-07-2018,8,139.0,54,4.2,49.91,49.9,49.9,49.903333333333336,89.09666666666666,178.5385077817113,1112.0,High-Value / Lower Volume,Potentially High
garden8,garden_tools,01-08-2018,7,139.0,46,4.2,49.91,49.9,49.9,49.903333333333336,89.09666666666666,178.5385077817113,973.0,High-Value / Lower Volume,Potentially High
garden9,garden_tools,01-04-2017,3,59.9,17,4.0,59.9,59.9,59.9,59.9,0.0,0.0,179.7,High Performer,Within Range
garden9,garden_tools,01-05-2017,7,59.9,34,4.0,59.9,59.9,59.9,59.9,0.0,0.0,419.3,High Performer,Within Range
garden9,garden_tools,01-06-2017,4,59.9,26,4.0,59.9,59.9,59.9,59.9,0.0,0.0,239.6,High Performer,Within Range
garden9,garden_tools,01-07-2017,19,59.9,74,4.0,59.9,59.9,59.9,59.9,0.0,0.0,1138.1,High Performer,Within Range
garden9,garden_tools,01-08-2017,21,59.9,113,4.0,59.9,59.9,59.9,59.9,0.0,0.0,1257.8999999999999,High Performer,Within Range
garden9,garden_tools,01-09-2017,23,59.9,115,4.0,59.9,59.9,59.9,59.9,0.0,0.0,1377.7,High Performer,Within Range
garden9,garden_tools,01-10-2017,19,59.9,146,4.0,59.9,59.9,59.9,59.9,0.0,0.0,1138.1,High Performer,Within Range
garden9,garden_tools,01-11-2017,82,53.37910448,339,4.0,52.40694444,53.64828125,53.78571429,53.28031332666666,0.09879115333334454,0.18541774093490518,4377.08656736,High Performer,Within Range
garden9,garden_tools,01-12-2017,40,55.77096774,184,4.0,55.1,55.425,55.75,55.425000000000004,0.34596773999999897,0.6242088227334216,2230.8387096,High Performer,Within Range
garden9,garden_tools,01-01-2018,25,49.9,137,4.0,49.9,49.9,49.9,49.9,0.0,0.0,1247.5,High Performer,Within Range
garden9,garden_tools,01-02-2018,44,51.025,160,4.0,50.54516129,50.9,50.35714286,50.60076805,0.42423194999999936,0.838390337436784,2245.1,High Performer,Within Range
garden9,garden_tools,01-03-2018,25,53.9,116,4.0,53.9,53.9,53.9,53.9,0.0,0.0,1347.5,High Performer,Within Range
garden9,garden_tools,01-04-2018,20,53.9,111,4.0,53.9,53.9,53.9,53.9,0.0,0.0,1078.0,High Performer,Within Range
garden9,garden_tools,01-05-2018,17,52.56666667,102,4.0,53.41515152,53.70952381,53.05789474,53.39419002333333,-0.8275233533333335,-1.5498378249987586,893.63333339,High Performer,Within Range
garden9,garden_tools,01-06-2018,8,49.9,58,4.0,49.9,49.9,49.9,49.9,0.0,0.0,399.2,High Performer,Within Range
garden9,garden_tools,01-07-2018,9,49.9,54,4.0,49.91,49.9,49.9,49.903333333333336,-0.003333333333337407,-0.00667958052235136,449.09999999999997,High Performer,Within Range
garden9,garden_tools,01-08-2018,7,49.9,46,4.0,49.91,49.9,49.9,49.903333333333336,-0.003333333333337407,-0.00667958052235136,349.3,High Performer,Within Range
watches6,watches_gifts,01-06-2017,4,163.0,17,4.2,163.0,163.0,185.0,170.33333333333334,-7.333333333333343,-4.305283757338557,652.0,High Performer,Within Range
watches6,watches_gifts,01-07-2017,11,161.5909091,29,4.2,161.5909091,161.5909091,197.383,173.52160606666666,-11.930696966666659,-6.875626175384124,1777.5000001,High Performer,Within Range
watches6,watches_gifts,01-08-2017,13,160.6692308,48,4.2,160.6692308,160.6692308,179.9,167.07948720000002,-6.410256400000009,-3.8366507507451866,2088.7000004,High Performer,Within Range
watches6,watches_gifts,01-09-2017,18,148.7785714,54,4.2,148.7785714,148.7785714,164.57,154.04238093333333,-5.26380953333333,-3.417117744766233,2678.0142852,High Performer,Within Range
watches6,watches_gifts,01-10-2017,1,134.9,43,4.2,134.9,134.9,232.49,167.43,-32.53,-19.42901511079257,134.9,High Performer,Potentially Low
watches6,watches_gifts,01-11-2017,15,133.0,91,4.2,133.0,108.0,174.4333333,138.47777776666666,-5.477777766666662,-3.9557088906327267,1995.0,High Performer,Within Range
watches6,watches_gifts,01-12-2017,4,149.0,73,4.2,149.0,108.0,185.96,147.65333333333334,1.346666666666664,0.9120462344229708,596.0,High Performer,Within Range
watches6,watches_gifts,01-02-2018,6,128.2416667,90,4.2,128.2416667,108.0,182.0,139.4138889,-11.172222199999993,-8.013708166489568,769.4500002,High Performer,Within Range
watches6,watches_gifts,01-03-2018,31,117.4412903,125,4.2,117.4412903,105.6428571,151.8784375,124.98752830000001,-7.546238000000002,-6.03759279236823,3640.6799993,High Performer,Within Range
watches6,watches_gifts,01-04-2018,85,105.648625,178,4.2,105.648625,105.0,150.1333333,120.26065276666667,-14.612027766666671,-12.15029806550058,8980.133125,High Performer,Within Range
watches6,watches_gifts,01-05-2018,114,103.7925234,260,4.2,103.7925234,105.0,132.53125,113.77459113333333,-9.982067733333338,-8.773547444908218,11832.3476676,High Performer,Within Range
watches6,watches_gifts,01-06-2018,9,119.0,93,4.2,119.0,105.0,138.22,120.74000000000001,-1.740000000000009,-1.4411131356634164,1071.0,High Performer,Within Range
watches6,watches_gifts,01-07-2018,11,118.3636364,122,4.2,118.3636364,105.0,155.0,126.12121213333334,-7.75757573333334,-6.150888975862485,1302.0000004,High Performer,Within Range
watches6,watches_gifts,01-08-2018,1,112.0,61,4.2,112.0,105.0,145.5509091,120.85030303333333,-8.850303033333333,-7.32336023261126,112.0,High Performer,Within Range
cool3,cool_stuff,01-09-2017,1,29.5,10,4.4,99.99,29.5,29.5,52.99666666666667,-23.49666666666667,-44.3361217686647,29.5,Low Performer,Potentially Low
cool3,cool_stuff,01-01-2018,76,29.5,102,4.4,99.99,129.99,29.5,86.49333333333334,-56.99333333333334,-65.893325111762,2242.0,Low Performer,Potentially Low
cool3,cool_stuff,01-03-2018,26,35.0,45,4.4,99.99,129.99,35.0,88.32666666666667,-53.32666666666667,-60.37436787682089,910.0,Low Performer,Potentially Low
cool3,cool_stuff,01-04-2018,4,35.0,18,4.4,89.86333333,129.99,35.0,84.95111111,-49.95111111,-58.79983258290782,140.0,Low Performer,Potentially Low
cool3,cool_stuff,01-05-2018,4,35.0,4,4.4,35.0,35.0,35.0,35.0,0.0,0.0,140.0,Low Performer,Within Range
cool3,cool_stuff,01-06-2018,2,65.0,2,4.4,65.0,65.0,65.0,65.0,0.0,0.0,130.0,Low Performer,Within Range
cool3,cool_stuff,01-08-2018,1,65.0,1,4.4,65.0,65.0,65.0,65.0,0.0,0.0,65.0,Low Performer,Within Range
perfumery2,perfumery,01-08-2017,1,142.5,8,4.4,56.99,142.5,142.5,113.99666666666667,28.50333333333333,25.003655077633844,142.5,Low Performer,Potentially High
perfumery2,perfumery,01-09-2017,1,142.5,18,4.4,56.99,142.5,142.5,113.99666666666667,28.50333333333333,25.003655077633844,142.5,Low Performer,Potentially High
perfumery2,perfumery,01-10-2017,2,142.5,19,4.4,56.99,142.5,142.5,113.99666666666667,28.50333333333333,25.003655077633844,285.0,Low Performer,Potentially High
perfumery2,perfumery,01-11-2017,8,118.05,27,4.4,56.99,118.05,118.05,97.69666666666666,20.35333333333334,20.833191169947803,944.4,Low Performer,Potentially High
perfumery2,perfumery,01-12-2017,12,118.0,34,4.4,56.99,118.0,118.0,97.66333333333334,20.33666666666666,20.82323628792791,1416.0,Low Performer,Potentially High
perfumery2,perfumery,01-01-2018,6,117.9,15,4.4,56.99,117.9,117.9,97.59666666666668,20.303333333333327,20.80330612384302,707.4000000000001,Low Performer,Potentially High
perfumery2,perfumery,01-02-2018,11,117.8888889,12,4.4,56.99,117.8888889,117.8888889,97.58925926666666,20.29962963333334,20.80108998251925,1296.7777779,Low Performer,Potentially High
perfumery2,perfumery,01-03-2018,4,117.7,18,4.4,50.49,117.7,117.7,95.29666666666667,22.403333333333336,23.50904193920739,470.8,Low Performer,Potentially High
perfumery2,perfumery,01-04-2018,8,117.975,10,4.4,49.99,117.975,117.975,95.31333333333333,22.66166666666666,23.77596698608099,943.8,Low Performer,Potentially High
perfumery2,perfumery,01-05-2018,17,119.9,16,4.4,119.9,119.9,119.9,119.90000000000002,-1.4210854715202004e-14,-1.185225580917598e-14,2038.3000000000002,Low Performer,Within Range
perfumery2,perfumery,01-06-2018,14,119.1785714,14,4.4,119.1785714,119.1785714,119.1785714,119.1785714,0.0,0.0,1668.4999996,Low Performer,Within Range
perfumery2,perfumery,01-07-2018,5,118.7,13,4.4,49.99,118.7,118.7,95.79666666666667,22.903333333333336,23.90827794982428,593.5,Low Performer,Potentially High
perfumery2,perfumery,01-08-2018,17,116.9066667,19,4.4,49.99,116.9066667,116.9066667,94.60111113333333,22.30555556666667,23.578534437326663,1987.4133339,Low Performer,Potentially High
cool2,cool_stuff,01-03-2017,8,129.99,22,4.3,99.99,129.99,129.99,119.99000000000001,10.0,8.33402783565297,1039.92,High-Value / Lower Volume,Within Range
cool2,cool_stuff,01-04-2017,14,129.99,33,4.3,99.99,129.99,129.99,119.99000000000001,10.0,8.33402783565297,1819.8600000000001,High-Value / Lower Volume,Within Range
cool2,cool_stuff,01-05-2017,18,129.99,58,4.3,99.99,129.99,129.99,119.99000000000001,10.0,8.33402783565297,2339.82,High-Value / Lower Volume,Within Range
cool2,cool_stuff,01-06-2017,17,129.99,42,4.3,99.99,129.99,129.99,119.99000000000001,10.0,8.33402783565297,2209.83,High-Value / Lower Volume,Within Range
cool2,cool_stuff,01-07-2017,16,129.99,42,4.3,99.99,129.99,129.99,119.99000000000001,10.0,8.33402783565297,2079.84,High-Value / Lower Volume,Within Range
cool2,cool_stuff,01-08-2017,16,116.9275,39,4.3,99.99,116.9275,116.9275,111.28166666666665,5.645833333333343,5.073462235468565,1870.84,High-Value / Lower Volume,Within Range
cool2,cool_stuff,01-10-2017,10,119.99,33,4.3,99.99,119.99,119.99,113.32333333333332,6.666666666666671,5.882872018119251,1199.8999999999999,High-Value / Lower Volume,Within Range
cool2,cool_stuff,01-11-2017,9,129.99,42,4.3,99.99,129.99,129.99,119.99000000000001,10.0,8.33402783565297,1169.91,High-Value / Lower Volume,Within Range
cool2,cool_stuff,01-12-2017,3,129.99,38,4.3,99.99,129.99,129.99,119.99000000000001,10.0,8.33402783565297,389.97,High-Value / Lower Volume,Within Range
cool2,cool_stuff,01-01-2018,4,129.99,102,4.3,99.99,129.99,29.5,86.49333333333334,43.49666666666667,50.28903961769693,519.96,High-Value / Lower Volume,Potentially High
cool2,cool_stuff,01-02-2018,2,129.99,20,4.3,99.99,129.99,129.99,119.99000000000001,10.0,8.33402783565297,259.98,High-Value / Lower Volume,Within Range
cool2,cool_stuff,01-03-2018,1,129.99,45,4.3,99.99,129.99,35.0,88.32666666666667,41.66333333333334,47.16959770548721,129.99,High-Value / Lower Volume,Potentially High
cool2,cool_stuff,01-04-2018,1,129.99,18,4.3,89.86333333,129.99,35.0,84.95111111,45.03888889000001,53.01742178708039,129.99,High-Value / Lower Volume,Potentially High
computers1,computers_accessories,01-05-2017,4,94.9,11,4.0,94.9,94.9,94.9,94.90000000000002,-1.4210854715202004e-14,-1.4974557128769232e-14,379.6,Low Performer,Within Range
computers1,computers_accessories,01-06-2017,6,100.9,15,4.0,159.99,100.9,100.9,120.59666666666665,-19.696666666666644,-16.332679178528963,605.4000000000001,Low Performer,Potentially Low
computers1,computers_accessories,01-07-2017,10,109.9,17,4.0,139.99,109.9,109.9,119.93,-10.030000000000001,-8.36321187359293,1099.0,Low Performer,Within Range
computers1,computers_accessories,01-08-2017,2,109.9,15,4.0,145.7042857,109.9,109.9,121.8347619,-11.934761899999998,-9.7958593375804,219.8,Low Performer,Within Range
computers1,computers_accessories,01-09-2017,4,98.9,15,4.0,151.99,98.9,98.9,116.59666666666668,-17.696666666666673,-15.177678035392667,395.6,Low Performer,Potentially Low
computers1,computers_accessories,01-10-2017,4,98.9,31,4.0,154.6958824,98.9,98.9,117.49862746666668,-18.59862746666667,-15.828804018960083,395.6,Low Performer,Potentially Low
computers1,computers_accessories,01-11-2017,6,98.9,36,4.0,149.99,98.9,109.9,119.59666666666668,-20.696666666666673,-17.305387552607378,593.4000000000001,Low Performer,Potentially Low
computers1,computers_accessories,01-12-2017,1,98.9,35,4.0,149.99,98.9,109.9,119.59666666666668,-20.696666666666673,-17.305387552607378,98.9,Low Performer,Potentially Low
computers1,computers_accessories,01-01-2018,31,90.534,152,4.0,156.5113514,150.3545455,97.6425,134.8361323,-44.3021323,-32.85627638846179,2806.554,Low Performer,Potentially Low
computers1,computers_accessories,01-02-2018,30,84.75608696,202,4.0,149.0,149.9,78.7122807,125.87076023333333,-41.114673273333324,-32.66419714723012,2542.6826088000003,Low Performer,Potentially Low
computers1,computers_accessories,01-03-2018,13,87.5,127,4.0,136.1428571,149.9,81.02391304,122.35559004666668,-34.85559004666668,-28.487125135331116,1137.5,Low Performer,Potentially Low
computers1,computers_accessories,01-04-2018,5,94.0,107,4.0,120.9230769,149.9,80.66666667,117.16324785666666,-23.163247856666658,-19.77006295097226,470.0,Low Performer,Potentially Low
computers1,computers_accessories,01-06-2018,4,73.0,66,4.0,114.4911538,149.9,78.9,114.43038459999998,-41.43038459999998,-36.20575491799928,292.0,Low Performer,Potentially Low
computers1,computers_accessories,01-07-2018,18,66.34214286,43,4.0,119.99,149.9,77.9,115.92999999999999,-49.58785714,-42.77396458207539,1194.1585714799999,Low Performer,Potentially Low
computers1,computers_accessories,01-08-2018,1,79.9,18,4.0,119.99,149.9,77.9,115.92999999999999,-36.02999999999999,-31.07909945656861,79.9,Low Performer,Potentially Low
consoles2,consoles_games,01-07-2017,1,19.9,13,3.9,19.9,19.9,19.9,19.9,0.0,0.0,19.9,Low Performer,Within Range
consoles2,consoles_games,01-08-2017,11,19.9,33,3.9,19.9,19.9,19.9,19.9,0.0,0.0,218.89999999999998,Low Performer,Within Range
consoles2,consoles_games,01-09-2017,9,19.9,17,3.9,19.9,19.9,19.9,19.9,0.0,0.0,179.1,Low Performer,Within Range
consoles2,consoles_games,01-10-2017,12,20.66666667,38,3.9,21.54285714,20.66666667,20.66666667,20.95873016,-0.2920634900000003,-1.393517106095517,248.00000004000003,Low Performer,Within Range
consoles2,consoles_games,01-11-2017,23,24.5,49,3.9,24.5,24.5,24.5,24.5,0.0,0.0,563.5,Low Performer,Within Range
consoles2,consoles_games,01-12-2017,17,24.5,30,3.9,24.5,24.5,24.5,24.5,0.0,0.0,416.5,Low Performer,Within Range
consoles2,consoles_games,01-01-2018,10,27.03333333,9,3.9,27.03333333,27.03333333,27.03333333,27.03333333,0.0,0.0,270.3333333,Low Performer,Within Range
consoles2,consoles_games,01-02-2018,1,32.5,6,3.9,32.5,32.5,32.5,32.5,0.0,0.0,32.5,Low Performer,Within Range
consoles2,consoles_games,01-03-2018,7,32.74285714,13,3.9,32.5,32.74285714,32.74285714,32.66190476,0.08095237999999938,0.24784953784795552,229.19999997999997,Low Performer,Within Range
consoles2,consoles_games,01-04-2018,6,34.2,13,3.9,35.05714286,34.2,34.2,34.48571428666667,-0.28571428666666776,-0.8285004169889978,205.20000000000002,Low Performer,Within Range
health5,health_beauty,01-01-2017,8,349.9,9,4.3,349.9,349.9,64.99,254.92999999999998,94.97,37.253363668458015,2799.2,High Performer,Potentially High
health5,health_beauty,01-02-2017,4,349.9,19,4.3,19.99,349.9,64.99,144.96,204.93999999999997,141.37693156732888,1399.6,High Performer,Potentially High
health5,health_beauty,01-03-2017,2,349.9,25,4.3,19.99,89.99,64.99,58.32333333333332,291.57666666666665,499.9314168143111,699.8,High Performer,Potentially High
health5,health_beauty,01-04-2017,1,349.9,23,4.3,19.99,349.9,64.99,144.96,204.93999999999997,141.37693156732888,349.9,High Performer,Potentially High
health5,health_beauty,01-05-2017,4,349.9,41,4.3,19.99,89.99,64.99,58.32333333333332,291.57666666666665,499.9314168143111,1399.6,High Performer,Potentially High
health5,health_beauty,01-06-2017,2,349.9,53,4.3,19.99,89.99,58.79952381,56.25984127,293.64015873,521.9356331290978,699.8,High Performer,Potentially High
health5,health_beauty,01-07-2017,1,349.9,61,4.3,19.99,89.99,59.25666667,56.41222222333332,293.48777777666663,520.2556577451645,349.9,High Performer,Potentially High
health5,health_beauty,01-08-2017,7,349.9,82,4.3,23.39740741,89.99,58.99,57.45913580333333,292.44086419666667,508.9545119467347,2449.2999999999997,High Performer,Potentially High
health5,health_beauty,01-09-2017,7,349.9,89,4.3,23.99,89.99,58.99,57.656666666666666,292.24333333333334,506.8682430479274,2449.2999999999997,High Performer,Potentially High
health5,health_beauty,01-10-2017,10,349.9,81,4.3,23.99,89.99,58.99,57.656666666666666,292.24333333333334,506.8682430479274,3499.0,High Performer,Potentially High
health5,health_beauty,01-11-2017,11,322.1363636,139,4.3,23.99,89.99,58.99,57.656666666666666,264.47969693333334,458.714858530381,3543.4999995999997,High Performer,Potentially High
health5,health_beauty,01-12-2017,7,349.9,112,4.3,23.99,89.99,58.99,57.656666666666666,292.24333333333334,506.8682430479274,2449.2999999999997,High Performer,Potentially High
health5,health_beauty,01-01-2018,12,349.9,98,4.3,23.99,89.99,58.99,57.656666666666666,292.24333333333334,506.8682430479274,4198.799999999999,High Performer,Potentially High
health5,health_beauty,01-02-2018,15,349.9,126,4.3,23.99,89.99,58.99,57.656666666666666,292.24333333333334,506.8682430479274,5248.5,High Performer,Potentially High
health5,health_beauty,01-03-2018,17,349.9,169,4.3,23.99,83.74,58.99,55.57333333333333,294.32666666666665,529.6185220729367,5948.299999999999,High Performer,Potentially High
health5,health_beauty,01-04-2018,7,349.9,118,4.3,349.9,79.99,58.99,162.96,186.93999999999997,114.71526755031907,2449.2999999999997,High Performer,Potentially High
health5,health_beauty,01-05-2018,10,352.25,159,4.3,23.99,79.99,58.99,54.32333333333333,297.9266666666667,548.4322267902069,3522.5,High Performer,Potentially High
health5,health_beauty,01-06-2018,11,364.0,131,4.3,23.99,79.99,58.99,54.32333333333333,309.6766666666667,570.0619745965515,4004.0,High Performer,Potentially High
health5,health_beauty,01-07-2018,11,364.0,113,4.3,23.99,79.99,58.99,54.32333333333333,309.6766666666667,570.0619745965515,4004.0,High Performer,Potentially High
health5,health_beauty,01-08-2018,9,364.0,127,4.3,23.99,82.82142857,58.99,55.26714285666666,308.7328571433333,558.619174405344,3276.0,High Performer,Potentially High
watches8,watches_gifts,01-07-2017,2,239.9,29,4.1,161.5909091,239.9,197.383,199.62463636666666,40.27536363333334,20.175547651020555,479.8,High-Value / Lower Volume,Potentially High
watches8,watches_gifts,01-10-2017,2,239.9,43,4.1,134.9,239.9,232.49,202.42999999999998,37.47000000000003,18.510102257570534,479.8,High-Value / Lower Volume,Potentially High
watches8,watches_gifts,01-01-2018,2,229.9,59,4.1,229.9,108.0,199.0,178.96666666666667,50.93333333333334,28.45967591730304,459.8,High-Value / Lower Volume,Potentially High
watches8,watches_gifts,01-02-2018,11,204.6181818,90,4.1,128.2416667,108.0,182.0,139.4138889,65.20429290000001,46.77029915345832,2250.7999998,High-Value / Lower Volume,Potentially High
watches8,watches_gifts,01-03-2018,16,167.5,125,4.1,117.4412903,105.6428571,151.8784375,124.98752830000001,42.51247169999999,34.013370996472446,2680.0,High-Value / Lower Volume,Potentially High
watches8,watches_gifts,01-04-2018,26,150.3423077,178,4.1,105.648625,105.0,150.1333333,120.26065276666667,30.081654933333326,25.01371333124115,3908.9000002,High-Value / Lower Volume,Potentially High
watches8,watches_gifts,01-05-2018,30,145.1666667,260,4.1,103.7925234,105.0,132.53125,113.77459113333333,31.392075566666676,27.59146418718223,4355.000001,High-Value / Lower Volume,Potentially High
watches8,watches_gifts,01-06-2018,3,152.6333333,93,4.1,119.0,105.0,138.22,120.74000000000001,31.893333299999995,26.414885953288053,457.8999999,High-Value / Lower Volume,Potentially High
watches8,watches_gifts,01-07-2018,14,157.1428571,122,4.1,118.3636364,105.0,155.0,126.12121213333334,31.021644966666642,24.596691105276605,2199.9999994,High-Value / Lower Volume,Potentially High
watches8,watches_gifts,01-08-2018,11,157.9454545,61,4.1,112.0,105.0,145.5509091,120.85030303333333,37.09515146666668,30.695124907080267,1737.3999995000001,High-Value / Lower Volume,Potentially High
furniture4,furniture_decor,01-11-2017,1,99.9,64,4.4,75.0,36.85428571,99.9,70.58476190333333,29.315238096666675,41.53196427412229,99.9,Low Performer,Potentially High
furniture4,furniture_decor,01-12-2017,3,99.9,40,4.4,75.0,99.9,99.9,91.60000000000001,8.299999999999997,9.061135371179036,299.70000000000005,Low Performer,Within Range
furniture4,furniture_decor,01-01-2018,13,99.9,125,4.4,69.9953271,38.4,99.9,69.4317757,30.468224300000003,43.882248427069975,1298.7,Low Performer,Potentially High
furniture4,furniture_decor,01-02-2018,13,99.9,52,4.4,69.9,38.4,99.9,69.4,30.5,43.94812680115273,1298.7,Low Performer,Potentially High
furniture4,furniture_decor,01-03-2018,12,99.9,83,4.4,69.9,35.48571429,99.9,68.42857143,31.47142857,45.99164926626322,1198.8000000000002,Low Performer,Potentially High
furniture4,furniture_decor,01-04-2018,13,99.9,92,4.4,69.9,35.0,99.9,68.26666666666667,31.63333333333334,46.337890625000014,1298.7,Low Performer,Potentially High
furniture4,furniture_decor,01-05-2018,13,99.9,95,4.4,69.9,35.0,99.9,68.26666666666667,31.63333333333334,46.337890625000014,1298.7,Low Performer,Potentially High
furniture4,furniture_decor,01-06-2018,10,99.9,18,4.4,89.9,35.0,99.9,74.93333333333334,24.96666666666667,33.31850533807829,999.0,Low Performer,Potentially High
furniture4,furniture_decor,01-07-2018,14,78.53571429,22,4.4,89.9,35.0,78.53571429,67.81190476333335,10.723809526666656,15.814051476791931,1099.50000006,Low Performer,Potentially High
furniture4,furniture_decor,01-08-2018,9,83.83333333,19,4.4,103.2333333,35.0,83.83333333,74.02222221,9.811111120000007,13.254278008793122,754.49999997,Low Performer,Within Range
watches5,watches_gifts,01-08-2017,8,229.9,48,4.1,160.6692308,229.9,179.9,190.15641026666665,39.74358973333335,20.90047328806784,1839.2,High Performer,Potentially High
watches5,watches_gifts,01-09-2017,10,219.06,54,4.1,148.7785714,219.06,164.57,177.46952380000002,41.59047619999998,23.43527796179277,2190.6,High Performer,Potentially High
watches5,watches_gifts,01-10-2017,8,216.15,43,4.1,134.9,216.15,232.49,194.51333333333332,21.636666666666684,11.123487678651003,1729.2,High Performer,Within Range
watches5,watches_gifts,01-11-2017,12,203.2909091,91,4.1,133.0,108.0,174.4333333,138.47777776666666,64.81313133333333,46.803994387130224,2439.4909092,High Performer,Potentially High
watches5,watches_gifts,01-12-2017,28,224.5428571,73,4.1,149.0,108.0,185.96,147.65333333333334,76.88952376666666,52.07435689452772,6287.1999988,High Performer,Potentially High
watches5,watches_gifts,01-01-2018,10,220.77,59,4.1,220.77,108.0,199.0,175.92333333333332,44.84666666666669,25.492165147696934,2207.7000000000003,High Performer,Potentially High
watches5,watches_gifts,01-02-2018,21,205.6857143,90,4.1,128.2416667,108.0,182.0,139.4138889,66.27182540000001,47.53602809798674,4319.4000003,High Performer,Potentially High
watches5,watches_gifts,01-03-2018,16,216.1875,125,4.1,117.4412903,105.6428571,151.8784375,124.98752830000001,91.19997169999999,72.96725756596946,3459.0,High Performer,Potentially High
watches5,watches_gifts,01-04-2018,13,204.3846154,178,4.1,105.648625,105.0,150.1333333,120.26065276666667,84.12396263333333,69.95136039761331,2657.0000002,High Performer,Potentially High
watches5,watches_gifts,01-05-2018,17,199.0,260,4.1,103.7925234,105.0,132.53125,113.77459113333333,85.22540886666667,74.90724248509085,3383.0,High Performer,Potentially High
health7,health_beauty,01-01-2017,1,64.99,9,3.9,64.99,64.99,64.99,64.99,0.0,0.0,64.99,Revenue Opportunity,Within Range
health7,health_beauty,01-02-2017,5,64.99,19,3.9,19.99,64.99,64.99,49.98999999999999,15.000000000000007,30.006001200240068,324.95,Revenue Opportunity,Potentially High
health7,health_beauty,01-03-2017,9,64.99,25,3.9,19.99,89.99,64.99,58.32333333333332,6.666666666666671,11.430530948162552,584.91,Revenue Opportunity,Within Range
health7,health_beauty,01-04-2017,9,64.99,23,3.9,19.99,64.99,64.99,49.98999999999999,15.000000000000007,30.006001200240068,584.91,Revenue Opportunity,Potentially High
health7,health_beauty,01-05-2017,16,64.99,41,3.9,19.99,89.99,64.99,58.32333333333332,6.666666666666671,11.430530948162552,1039.84,Revenue Opportunity,Within Range
health7,health_beauty,01-06-2017,21,58.79952381,53,3.9,19.99,89.99,58.79952381,56.25984127,2.539682539999994,4.514201396004035,1234.7900000099999,Revenue Opportunity,Within Range
health7,health_beauty,01-07-2017,15,59.25666667,61,3.9,19.99,89.99,59.25666667,56.41222222333332,2.844444446666678,5.0422485315427865,888.8500000500001,Revenue Opportunity,Within Range
health7,health_beauty,01-08-2017,22,58.99,82,3.9,23.39740741,89.99,58.99,57.45913580333333,1.5308641966666698,2.6642659609542214,1297.78,Revenue Opportunity,Within Range
health7,health_beauty,01-09-2017,25,58.99,89,3.9,23.99,89.99,58.99,57.656666666666666,1.3333333333333357,2.3125397467769018,1474.75,Revenue Opportunity,Within Range
health7,health_beauty,01-10-2017,19,58.99,81,3.9,23.99,89.99,58.99,57.656666666666666,1.3333333333333357,2.3125397467769018,1120.81,Revenue Opportunity,Within Range
health7,health_beauty,01-11-2017,24,58.99,139,3.9,23.99,89.99,58.99,57.656666666666666,1.3333333333333357,2.3125397467769018,1415.76,Revenue Opportunity,Within Range
health7,health_beauty,01-12-2017,9,58.99,112,3.9,23.99,89.99,58.99,57.656666666666666,1.3333333333333357,2.3125397467769018,530.91,Revenue Opportunity,Within Range
health7,health_beauty,01-01-2018,6,58.99,98,3.9,23.99,89.99,58.99,57.656666666666666,1.3333333333333357,2.3125397467769018,353.94,Revenue Opportunity,Within Range
health7,health_beauty,01-02-2018,14,58.99,126,3.9,23.99,89.99,58.99,57.656666666666666,1.3333333333333357,2.3125397467769018,825.86,Revenue Opportunity,Within Range
health7,health_beauty,01-03-2018,10,58.99,169,3.9,23.99,83.74,58.99,55.57333333333333,3.4166666666666714,6.14803262955855,589.9,Revenue Opportunity,Within Range
health7,health_beauty,01-04-2018,11,58.99,118,3.9,58.99,79.99,58.99,65.99,-6.999999999999993,-10.607667828458847,648.89,Revenue Opportunity,Within Range
health7,health_beauty,01-05-2018,4,58.99,159,3.9,23.99,79.99,58.99,54.32333333333333,4.666666666666671,8.590538135853233,235.96,Revenue Opportunity,Within Range
health7,health_beauty,01-06-2018,6,58.99,131,3.9,23.99,79.99,58.99,54.32333333333333,4.666666666666671,8.590538135853233,353.94,Revenue Opportunity,Within Range
health7,health_beauty,01-07-2018,2,58.99,113,3.9,23.99,79.99,58.99,54.32333333333333,4.666666666666671,8.590538135853233,117.98,Revenue Opportunity,Within Range
health7,health_beauty,01-08-2018,3,58.99,127,3.9,23.99,82.82142857,58.99,55.26714285666666,3.722857143333343,6.7361129070638555,176.97,Revenue Opportunity,Within Range
bed3,bed_bath_table,01-10-2017,8,99.0,50,3.3,89.9,99.0,45.95,78.28333333333335,20.716666666666654,26.463700234192018,792.0,Low Performer,Potentially High
bed3,bed_bath_table,01-11-2017,22,99.0,97,3.3,89.9,99.0,40.53181818,76.47727272666667,22.52272727333333,29.450222883641008,2178.0,Low Performer,Potentially High
bed3,bed_bath_table,01-12-2017,7,99.0,41,3.3,88.48823529,99.0,39.99,75.82607843000001,23.17392156999999,30.56194128698525,693.0,Low Performer,Potentially High
bed3,bed_bath_table,01-01-2018,11,98.3,62,3.3,86.9,98.3,39.99,75.06333333333333,23.236666666666665,30.95608153115147,1081.3,Low Performer,Potentially High
bed3,bed_bath_table,01-02-2018,13,92.0,62,3.3,86.9,92.0,39.99,72.96333333333334,19.03666666666666,26.090730503906062,1196.0,Low Performer,Potentially High
bed3,bed_bath_table,01-03-2018,3,92.0,43,3.3,86.9,92.0,39.99,72.96333333333334,19.03666666666666,26.090730503906062,276.0,Low Performer,Potentially High
bed3,bed_bath_table,01-04-2018,9,90.875,34,3.3,85.045,90.875,39.99,71.97000000000001,18.904999999999987,26.267889398360406,817.875,Low Performer,Potentially High
bed3,bed_bath_table,01-05-2018,14,88.24,57,3.3,83.64961538,88.24,39.99,70.62653846,17.61346153999999,24.93887131389787,1235.36,Low Performer,Potentially High
bed3,bed_bath_table,01-06-2018,14,84.9,43,3.3,79.9,84.9,39.99,68.26333333333334,16.63666666666667,24.371307192734022,1188.6000000000001,Low Performer,Potentially High
bed3,bed_bath_table,01-07-2018,9,84.9,26,3.3,77.93333333,84.9,39.99,67.60777777666668,17.292222223333326,25.577267574828277,764.1,Low Performer,Potentially High
bed3,bed_bath_table,01-08-2018,1,84.9,15,3.3,74.0,84.9,39.24,66.04666666666667,18.85333333333334,28.54547289795095,84.9,Low Performer,Potentially High
garden3,garden_tools,01-02-2017,1,99.99,3,4.1,99.99,99.99,99.99,99.99,0.0,0.0,99.99,Low Performer,Within Range
garden3,garden_tools,01-03-2017,11,99.99,21,4.1,99.99,99.99,99.99,99.99,0.0,0.0,1099.8899999999999,Low Performer,Within Range
garden3,garden_tools,01-04-2017,8,96.65666667,17,4.1,96.65666667,96.65666667,96.65666667,96.65666667,0.0,0.0,773.25333336,Low Performer,Within Range
garden3,garden_tools,01-05-2017,2,109.99,34,4.1,59.9,59.9,109.99,76.59666666666666,33.39333333333333,43.59632708124809,219.98,Low Performer,Potentially High
garden3,garden_tools,01-06-2017,2,119.99,26,4.1,59.9,59.9,119.99,79.92999999999999,40.06,50.118853997247605,239.98,Low Performer,Potentially High
garden3,garden_tools,01-07-2017,2,120.0,74,4.1,59.9,59.9,59.9,59.9,60.1,100.3338898163606,240.0,Low Performer,Potentially High
garden3,garden_tools,01-09-2017,4,104.25,115,4.1,59.9,59.9,59.9,59.9,44.35,74.04006677796328,417.0,Low Performer,Potentially High
garden3,garden_tools,01-10-2017,12,92.594,146,4.1,59.9,59.9,59.9,59.9,32.693999999999996,54.58096828046743,1111.128,Low Performer,Potentially High
garden3,garden_tools,01-11-2017,21,89.99,339,4.1,52.40694444,53.64828125,53.78571429,53.28031332666666,36.70968667333334,68.89915689546112,1889.79,Low Performer,Potentially High
garden3,garden_tools,01-12-2017,14,89.99,184,4.1,55.1,55.425,55.75,55.425000000000004,34.56499999999999,62.36355435272889,1259.86,Low Performer,Potentially High
garden3,garden_tools,01-01-2018,12,123.3316667,137,4.1,49.9,49.9,49.9,49.9,73.4316667,147.1576486973948,1479.9800003999999,Low Performer,Potentially High
garden3,garden_tools,01-02-2018,14,120.0,160,4.1,50.54516129,50.9,50.35714286,50.60076805,69.39923195,137.15055052410415,1680.0,Low Performer,Potentially High
garden3,garden_tools,01-03-2018,6,113.3333333,116,4.1,53.9,53.9,53.9,53.9,59.43333330000001,110.26592448979594,679.9999998000001,Low Performer,Potentially High
garden3,garden_tools,01-04-2018,7,110.0,111,4.1,53.9,53.9,53.9,53.9,56.1,104.08163265306123,770.0,Low Performer,Potentially High
garden3,garden_tools,01-05-2018,8,110.0,102,4.1,53.41515152,53.70952381,53.05789474,53.39419002333333,56.60580997666667,106.0149240056453,880.0,Low Performer,Potentially High
garden3,garden_tools,01-06-2018,10,96.65666667,58,4.1,49.9,49.9,49.9,49.9,46.75666667000001,93.70073480961926,966.5666667,Low Performer,Potentially High
garden3,garden_tools,01-07-2018,5,99.99,54,4.1,49.91,49.9,49.9,49.903333333333336,50.08666666666666,100.36737692872886,499.95,Low Performer,Potentially High
garden3,garden_tools,01-08-2018,2,99.99,46,4.1,49.91,49.9,49.9,49.903333333333336,50.08666666666666,100.36737692872886,199.98,Low Performer,Potentially High
bed2,bed_bath_table,01-02-2017,2,89.9,2,3.9,89.9,89.9,89.9,89.90000000000002,-1.4210854715202004e-14,-1.580740235283871e-14,179.8,High Performer,Within Range
bed2,bed_bath_table,01-03-2017,22,89.9,20,3.9,89.9,89.9,89.9,89.90000000000002,-1.4210854715202004e-14,-1.580740235283871e-14,1977.8000000000002,High Performer,Within Range
bed2,bed_bath_table,01-04-2017,34,89.9,31,3.9,89.9,89.9,89.9,89.90000000000002,-1.4210854715202004e-14,-1.580740235283871e-14,3056.6000000000004,High Performer,Within Range
bed2,bed_bath_table,01-05-2017,58,89.9,57,3.9,89.9,215.0,45.95,116.94999999999999,-27.049999999999983,-23.1295425395468,5214.200000000001,High Performer,Potentially Low
bed2,bed_bath_table,01-06-2017,51,89.9,61,3.9,89.9,209.0,45.95,114.94999999999999,-25.049999999999983,-21.79208351457154,4584.900000000001,High Performer,Potentially Low
bed2,bed_bath_table,01-07-2017,60,89.9,123,3.9,89.9,205.0,45.95,113.61666666666666,-23.716666666666654,-20.87428487604517,5394.0,High Performer,Potentially Low
bed2,bed_bath_table,01-08-2017,37,89.9,90,3.9,89.9,199.5098039,45.95,111.78660130000002,-21.88660130000001,-19.578912897855503,3326.3,High Performer,Potentially Low
bed2,bed_bath_table,01-09-2017,23,89.9,54,3.9,89.9,163.3987097,45.95,99.7495699,-9.849569899999992,-9.87429811464279,2067.7000000000003,High Performer,Within Range
bed2,bed_bath_table,01-10-2017,14,89.9,50,3.9,89.9,89.9,45.95,75.25,14.650000000000006,19.468438538205987,1258.6000000000001,High Performer,Potentially High
bed2,bed_bath_table,01-11-2017,40,89.9,97,3.9,89.9,89.9,40.53181818,73.44393939333334,16.456060606666668,22.406288037649052,3596.0,High Performer,Potentially High
bed2,bed_bath_table,01-12-2017,18,88.48823529,41,3.9,88.48823529,88.48823529,39.99,72.32215686,16.16607843,22.35287100368704,1592.7882352200002,High Performer,Potentially High
bed2,bed_bath_table,01-01-2018,17,86.9,62,3.9,86.9,86.9,39.99,71.26333333333334,15.63666666666667,21.942092707797375,1477.3000000000002,High Performer,Potentially High
bed2,bed_bath_table,01-02-2018,22,86.9,62,3.9,86.9,86.9,39.99,71.26333333333334,15.63666666666667,21.942092707797375,1911.8000000000002,High Performer,Potentially High
bed2,bed_bath_table,01-03-2018,17,86.9,43,3.9,86.9,86.9,39.99,71.26333333333334,15.63666666666667,21.942092707797375,1477.3000000000002,High Performer,Potentially High
bed2,bed_bath_table,01-04-2018,6,85.045,34,3.9,85.045,85.045,39.99,70.02666666666667,15.01833333333333,21.446591774562066,510.27,High Performer,Potentially High
bed2,bed_bath_table,01-05-2018,26,83.64961538,57,3.9,83.64961538,83.64961538,39.99,69.09641025333333,14.553205126666668,21.062172511291347,2174.88999988,High Performer,Potentially High
bed2,bed_bath_table,01-06-2018,23,79.9,43,3.9,79.9,79.9,39.99,66.59666666666668,13.303333333333327,19.975974773512174,1837.7,High Performer,Potentially High
bed2,bed_bath_table,01-07-2018,10,77.93333333,26,3.9,77.93333333,77.93333333,39.99,65.28555555333334,12.647777776666658,19.373010874257453,779.3333332999999,High Performer,Potentially High
bed2,bed_bath_table,01-08-2018,7,74.0,15,3.9,74.0,74.0,39.24,62.413333333333334,11.586666666666666,18.56440931424909,518.0,High Performer,Potentially High
furniture3,furniture_decor,01-08-2017,1,38.4,14,3.8,75.0,38.4,38.4,50.6,-12.200000000000003,-24.110671936758898,38.4,Low Performer,Potentially Low
furniture3,furniture_decor,01-09-2017,6,38.4,7,3.8,38.4,38.4,38.4,38.4,0.0,0.0,230.39999999999998,Low Performer,Within Range
furniture3,furniture_decor,01-10-2017,8,38.4,17,3.8,75.0,38.4,38.4,50.6,-12.200000000000003,-24.110671936758898,307.2,Low Performer,Potentially Low
furniture3,furniture_decor,01-11-2017,34,34.58117647,64,3.8,75.0,36.85428571,99.9,70.58476190333333,-36.00358543333333,-51.00758926217058,1175.75999998,Low Performer,Potentially Low
furniture3,furniture_decor,01-12-2017,4,38.4,40,3.8,75.0,38.4,99.9,71.10000000000001,-32.70000000000001,-45.99156118143461,153.6,Low Performer,Potentially Low
furniture3,furniture_decor,01-01-2018,15,38.4,125,3.8,69.9953271,38.4,99.9,69.4317757,-31.031775700000004,-44.69391051451966,576.0,Low Performer,Potentially Low
furniture3,furniture_decor,01-02-2018,4,38.4,52,3.8,69.9,38.4,99.9,69.4,-31.000000000000007,-44.66858789625361,153.6,Low Performer,Potentially Low
furniture3,furniture_decor,01-03-2018,14,35.48571429,83,3.8,69.9,35.48571429,99.9,68.42857143,-32.94285714000001,-48.14196241653149,496.80000005999995,Low Performer,Potentially Low
furniture3,furniture_decor,01-04-2018,4,35.0,92,3.8,69.9,35.0,99.9,68.26666666666667,-33.266666666666666,-48.73046875,140.0,Low Performer,Potentially Low
furniture3,furniture_decor,01-05-2018,4,35.0,95,3.8,69.9,35.0,99.9,68.26666666666667,-33.266666666666666,-48.73046875,140.0,Low Performer,Potentially Low
furniture3,furniture_decor,01-06-2018,2,35.0,18,3.8,89.9,35.0,99.9,74.93333333333334,-39.93333333333334,-53.29181494661922,70.0,Low Performer,Potentially Low
furniture3,furniture_decor,01-08-2018,1,35.0,19,3.8,103.2333333,35.0,83.83333333,74.02222221,-39.022222209999995,-52.716901823474714,35.0,Low Performer,Potentially Low
watches4,watches_gifts,01-11-2017,13,108.0,91,4.2,133.0,108.0,174.4333333,138.47777776666666,-30.477777766666662,-22.009147069085223,1404.0,High Performer,Potentially Low
watches4,watches_gifts,01-12-2017,13,108.0,73,4.2,149.0,108.0,185.96,147.65333333333334,-39.653333333333336,-26.855698031424964,1404.0,High Performer,Potentially Low
watches4,watches_gifts,01-01-2018,44,108.0,59,4.2,108.0,108.0,199.0,138.33333333333334,-30.333333333333343,-21.9277108433735,4752.0,High Performer,Potentially Low
watches4,watches_gifts,01-02-2018,33,108.0,90,4.2,128.2416667,108.0,182.0,139.4138889,-31.41388889999999,-22.532825924203877,3564.0,High Performer,Potentially Low
watches4,watches_gifts,01-03-2018,21,105.6428571,125,4.2,117.4412903,105.6428571,151.8784375,124.98752830000001,-19.344671200000008,-15.47728118406195,2218.4999991,High Performer,Potentially Low
watches4,watches_gifts,01-04-2018,21,105.0,178,4.2,105.648625,105.0,150.1333333,120.26065276666667,-15.260652766666666,-12.68964737475344,2205.0,High Performer,Within Range
watches4,watches_gifts,01-05-2018,37,105.0,260,4.2,103.7925234,105.0,132.53125,113.77459113333333,-8.774591133333331,-7.712258990278699,3885.0,High Performer,Within Range
watches4,watches_gifts,01-06-2018,28,105.0,93,4.2,119.0,105.0,138.22,120.74000000000001,-15.740000000000009,-13.036276296173602,2940.0,High Performer,Within Range
watches4,watches_gifts,01-07-2018,8,105.0,122,4.2,118.3636364,105.0,155.0,126.12121213333334,-21.121212133333344,-16.746756375132467,840.0,High Performer,Potentially Low
watches4,watches_gifts,01-08-2018,7,105.0,61,4.2,112.0,105.0,145.5509091,120.85030303333333,-15.850303033333333,-13.115650218073057,735.0,High Performer,Within Range
watches3,watches_gifts,01-03-2017,1,78.0,6,3.9,78.0,78.0,241.006,132.33533333333332,-54.335333333333324,-41.058825307426076,78.0,Revenue Opportunity,Potentially Low
watches3,watches_gifts,01-06-2017,3,78.0,17,3.9,163.0,78.0,185.0,142.0,-64.0,-45.07042253521127,234.0,Revenue Opportunity,Potentially Low
watches3,watches_gifts,01-07-2017,1,78.0,29,3.9,161.5909091,78.0,197.383,145.6579697,-67.6579697,-46.449892058326554,78.0,Revenue Opportunity,Potentially Low
watches3,watches_gifts,01-08-2017,5,78.0,48,3.9,160.6692308,78.0,179.9,139.52307693333333,-61.52307693333333,-44.09526960384495,390.0,Revenue Opportunity,Potentially Low
watches3,watches_gifts,01-10-2017,3,78.0,43,3.9,134.9,78.0,232.49,148.46333333333334,-70.46333333333334,-47.461775073531065,234.0,Revenue Opportunity,Potentially Low
watches3,watches_gifts,01-11-2017,2,78.0,91,3.9,133.0,108.0,174.4333333,138.47777776666666,-60.47777776666666,-43.673272883228215,156.0,Revenue Opportunity,Potentially Low
watches3,watches_gifts,01-12-2017,6,78.0,73,3.9,149.0,108.0,185.96,147.65333333333334,-69.65333333333334,-47.17355968936247,468.0,Revenue Opportunity,Potentially Low
watches3,watches_gifts,01-01-2018,9,78.0,59,3.9,78.0,108.0,199.0,128.33333333333334,-50.33333333333334,-39.22077922077922,702.0,Revenue Opportunity,Potentially Low
watches3,watches_gifts,01-02-2018,1,78.0,90,3.9,128.2416667,108.0,182.0,139.4138889,-61.41388889999999,-44.0514853897028,78.0,Revenue Opportunity,Potentially Low
watches3,watches_gifts,01-03-2018,1,78.0,125,3.9,117.4412903,105.6428571,151.8784375,124.98752830000001,-46.98752830000001,-37.59377350612029,78.0,Revenue Opportunity,Potentially Low
watches3,watches_gifts,01-04-2018,16,78.0,178,3.9,105.648625,105.0,150.1333333,120.26065276666667,-42.26065276666667,-35.1408809069597,1248.0,Revenue Opportunity,Potentially Low
watches3,watches_gifts,01-05-2018,5,78.0,260,3.9,103.7925234,105.0,132.53125,113.77459113333333,-35.77459113333333,-31.443392392778463,390.0,Revenue Opportunity,Potentially Low
watches3,watches_gifts,01-06-2018,39,78.0,93,3.9,119.0,105.0,138.22,120.74000000000001,-42.74000000000001,-35.398376677157536,3042.0,Revenue Opportunity,Potentially Low
watches3,watches_gifts,01-07-2018,40,78.0,122,3.9,118.3636364,105.0,155.0,126.12121213333334,-48.121212133333344,-38.15473330724126,3120.0,Revenue Opportunity,Potentially Low
watches3,watches_gifts,01-08-2018,28,77.82142857,61,3.9,112.0,105.0,145.5509091,120.85030303333333,-43.02887446333334,-35.605102662808356,2178.99999996,Revenue Opportunity,Potentially Low
furniture2,furniture_decor,01-07-2017,5,75.0,5,4.1,75.0,38.4,75.0,62.800000000000004,12.199999999999996,19.42675159235668,375.0,High Performer,Potentially High
furniture2,furniture_decor,01-08-2017,13,75.0,14,4.1,75.0,38.4,75.0,62.800000000000004,12.199999999999996,19.42675159235668,975.0,High Performer,Potentially High
furniture2,furniture_decor,01-10-2017,5,75.0,17,4.1,75.0,38.4,75.0,62.800000000000004,12.199999999999996,19.42675159235668,375.0,High Performer,Potentially High
furniture2,furniture_decor,01-11-2017,44,75.0,64,4.1,75.0,36.85428571,99.9,70.58476190333333,4.41523809666667,6.255228434025733,3300.0,High Performer,Within Range
furniture2,furniture_decor,01-12-2017,47,75.0,40,4.1,75.0,75.0,99.9,83.3,-8.299999999999997,-9.963985594237693,3525.0,High Performer,Within Range
furniture2,furniture_decor,01-01-2018,122,69.9953271,125,4.1,69.9953271,38.4,99.9,69.4317757,0.5635513999999944,0.8116620874496723,8539.4299062,High Performer,Within Range
furniture2,furniture_decor,01-02-2018,44,69.9,52,4.1,69.9,38.4,99.9,69.4,0.5,0.7204610951008645,3075.6000000000004,High Performer,Within Range
furniture2,furniture_decor,01-03-2018,65,69.9,83,4.1,69.9,35.48571429,99.9,68.42857143,1.4714285700000005,2.150313150268261,4543.5,High Performer,Within Range
furniture2,furniture_decor,01-04-2018,83,69.9,92,4.1,69.9,35.0,99.9,68.26666666666667,1.63333333333334,2.3925781250000098,5801.700000000001,High Performer,Within Range
furniture2,furniture_decor,01-05-2018,92,69.9,95,4.1,69.9,35.0,99.9,68.26666666666667,1.63333333333334,2.3925781250000098,6430.8,High Performer,Within Range
furniture2,furniture_decor,01-06-2018,2,89.9,18,4.1,89.9,35.0,99.9,74.93333333333334,14.966666666666669,19.973309608540927,179.8,High Performer,Potentially High
furniture2,furniture_decor,01-07-2018,2,89.9,22,4.1,89.9,35.0,78.53571429,67.81190476333335,22.08809523666666,32.57259225169257,179.8,High Performer,Potentially High
furniture2,furniture_decor,01-08-2018,3,103.2333333,19,4.1,103.2333333,35.0,83.83333333,74.02222221,29.211111090000003,39.46262381468162,309.69999989999997,High Performer,Potentially High
garden2,garden_tools,01-04-2017,5,59.9,17,4.3,59.9,59.9,59.9,59.9,0.0,0.0,299.5,Low Performer,Within Range
garden2,garden_tools,01-05-2017,2,59.9,34,4.3,59.9,59.9,59.9,59.9,0.0,0.0,119.8,Low Performer,Within Range
garden2,garden_tools,01-06-2017,5,59.9,26,4.3,59.9,59.9,59.9,59.9,0.0,0.0,299.5,Low Performer,Within Range
garden2,garden_tools,01-07-2017,15,59.9,74,4.3,59.9,59.9,59.9,59.9,0.0,0.0,898.5,Low Performer,Within Range
garden2,garden_tools,01-08-2017,19,59.9,113,4.3,59.9,59.9,59.9,59.9,0.0,0.0,1138.1,Low Performer,Within Range
garden2,garden_tools,01-09-2017,34,59.9,115,4.3,59.9,59.9,59.9,59.9,0.0,0.0,2036.6,Low Performer,Within Range
garden2,garden_tools,01-10-2017,13,59.9,146,4.3,59.9,59.9,59.9,59.9,0.0,0.0,778.6999999999999,Low Performer,Within Range
garden2,garden_tools,01-11-2017,9,54.45,339,4.3,52.40694444,53.64828125,53.78571429,53.28031332666666,1.169686673333345,2.195344960082883,490.05,Low Performer,Within Range
garden2,garden_tools,01-12-2017,1,49.9,184,4.3,55.1,55.425,55.75,55.425000000000004,-5.525000000000006,-9.968425800631493,49.9,Low Performer,Within Range
garden2,garden_tools,01-01-2018,1,49.9,137,4.3,49.9,49.9,49.9,49.9,0.0,0.0,49.9,Low Performer,Within Range
garden2,garden_tools,01-02-2018,4,51.23333333,160,4.3,50.54516129,50.9,50.35714286,50.60076805,0.6325652800000015,1.2501100366202869,204.93333332,Low Performer,Within Range
garden2,garden_tools,01-03-2018,2,53.9,116,4.3,53.9,53.9,53.9,53.9,0.0,0.0,107.8,Low Performer,Within Range
garden2,garden_tools,01-04-2018,2,53.9,111,4.3,53.9,53.9,53.9,53.9,0.0,0.0,107.8,Low Performer,Within Range
garden2,garden_tools,01-05-2018,4,49.9,102,4.3,53.41515152,53.70952381,53.05789474,53.39419002333333,-3.4941900233333314,-6.544139019257275,199.6,Low Performer,Within Range
garden2,garden_tools,01-06-2018,5,49.9,58,4.3,49.9,49.9,49.9,49.9,0.0,0.0,249.5,Low Performer,Within Range
garden2,garden_tools,01-07-2018,3,49.9,54,4.3,49.91,49.9,49.9,49.903333333333336,-0.003333333333337407,-0.00667958052235136,149.7,Low Performer,Within Range
garden2,garden_tools,01-08-2018,3,49.9,46,4.3,49.91,49.9,49.9,49.903333333333336,-0.003333333333337407,-0.00667958052235136,149.7,Low Performer,Within Range
furniture1,furniture_decor,01-07-2017,1,38.4,5,3.7,75.0,38.4,38.4,50.6,-12.200000000000003,-24.110671936758898,38.4,Revenue Opportunity,Potentially Low
furniture1,furniture_decor,01-08-2017,8,38.4,14,3.7,75.0,38.4,38.4,50.6,-12.200000000000003,-24.110671936758898,307.2,Revenue Opportunity,Potentially Low
furniture1,furniture_decor,01-09-2017,12,38.4,7,3.7,38.4,38.4,38.4,38.4,0.0,0.0,460.79999999999995,Revenue Opportunity,Within Range
furniture1,furniture_decor,01-10-2017,25,38.4,17,3.7,75.0,38.4,38.4,50.6,-12.200000000000003,-24.110671936758898,960.0,Revenue Opportunity,Potentially Low
furniture1,furniture_decor,01-11-2017,28,36.85428571,64,3.7,75.0,36.85428571,99.9,70.58476190333333,-33.73047619333333,-47.787192708148,1031.91999988,Revenue Opportunity,Potentially Low
furniture1,furniture_decor,01-01-2018,2,38.4,125,3.7,69.9953271,38.4,99.9,69.4317757,-31.031775700000004,-44.69391051451966,76.8,Revenue Opportunity,Potentially Low
furniture1,furniture_decor,01-02-2018,9,38.4,52,3.7,69.9,38.4,99.9,69.4,-31.000000000000007,-44.66858789625361,345.59999999999997,Revenue Opportunity,Potentially Low
furniture1,furniture_decor,01-03-2018,17,35.48571429,83,3.7,69.9,35.48571429,99.9,68.42857143,-32.94285714000001,-48.14196241653149,603.25714293,Revenue Opportunity,Potentially Low
furniture1,furniture_decor,01-04-2018,17,35.0,92,3.7,69.9,35.0,99.9,68.26666666666667,-33.266666666666666,-48.73046875,595.0,Revenue Opportunity,Potentially Low
furniture1,furniture_decor,01-05-2018,11,35.0,95,3.7,69.9,35.0,99.9,68.26666666666667,-33.266666666666666,-48.73046875,385.0,Revenue Opportunity,Potentially Low
furniture1,furniture_decor,01-06-2018,13,35.0,18,3.7,89.9,35.0,99.9,74.93333333333334,-39.93333333333334,-53.29181494661922,455.0,Revenue Opportunity,Potentially Low
furniture1,furniture_decor,01-07-2018,10,35.0,22,3.7,89.9,35.0,78.53571429,67.81190476333335,-32.811904763333345,-48.38664372848454,350.0,Revenue Opportunity,Potentially Low
furniture1,furniture_decor,01-08-2018,16,35.0,19,3.7,103.2333333,35.0,83.83333333,74.02222221,-39.022222209999995,-52.716901823474714,560.0,Revenue Opportunity,Potentially Low
health2,health_beauty,01-08-2017,6,325.0,82,4.2,23.39740741,89.99,58.99,57.45913580333333,267.5408641966667,465.61936662671843,1950.0,High Performer,Potentially High
health2,health_beauty,01-09-2017,11,325.0,89,4.2,23.99,89.99,58.99,57.656666666666666,267.34333333333336,463.68156327686887,3575.0,High Performer,Potentially High
health2,health_beauty,01-10-2017,2,325.0,81,4.2,23.99,89.99,58.99,57.656666666666666,267.34333333333336,463.68156327686887,650.0,High Performer,Potentially High
health2,health_beauty,01-11-2017,12,325.0,139,4.2,23.99,89.99,58.99,57.656666666666666,267.34333333333336,463.68156327686887,3900.0,High Performer,Potentially High
health2,health_beauty,01-12-2017,6,325.0,112,4.2,23.99,89.99,58.99,57.656666666666666,267.34333333333336,463.68156327686887,1950.0,High Performer,Potentially High
health2,health_beauty,01-01-2018,10,325.0,98,4.2,23.99,89.99,58.99,57.656666666666666,267.34333333333336,463.68156327686887,3250.0,High Performer,Potentially High
health2,health_beauty,01-02-2018,23,325.0,126,4.2,23.99,89.99,58.99,57.656666666666666,267.34333333333336,463.68156327686887,7475.0,High Performer,Potentially High
health2,health_beauty,01-03-2018,28,325.8928571,169,4.2,23.99,83.74,58.99,55.57333333333333,270.3195237666667,486.41948854366615,9124.9999988,High Performer,Potentially High
health2,health_beauty,01-04-2018,21,330.0,118,4.2,330.0,79.99,58.99,156.32666666666668,173.67333333333332,111.09642202226107,6930.0,High Performer,Potentially High
health2,health_beauty,01-05-2018,19,330.0,159,4.2,23.99,79.99,58.99,54.32333333333333,275.6766666666667,507.4737681781923,6270.0,High Performer,Potentially High
health2,health_beauty,01-06-2018,16,330.0,131,4.2,23.99,79.99,58.99,54.32333333333333,275.6766666666667,507.4737681781923,5280.0,High Performer,Potentially High
health2,health_beauty,01-07-2018,13,330.0,113,4.2,23.99,79.99,58.99,54.32333333333333,275.6766666666667,507.4737681781923,4290.0,High Performer,Potentially High
health2,health_beauty,01-08-2018,28,330.0,127,4.2,23.99,82.82142857,58.99,55.26714285666666,274.7328571433333,497.09980097187776,9240.0,High Performer,Potentially High
garden1,garden_tools,01-02-2017,1,99.99,3,4.3,99.99,99.99,99.99,99.99,0.0,0.0,99.99,High Performer,Within Range
garden1,garden_tools,01-03-2017,5,99.99,21,4.3,99.99,99.99,99.99,99.99,0.0,0.0,499.95,High Performer,Within Range
garden1,garden_tools,01-05-2017,4,109.99,34,4.3,59.9,59.9,109.99,76.59666666666666,33.39333333333333,43.59632708124809,439.96,High Performer,Potentially High
garden1,garden_tools,01-06-2017,6,109.99,26,4.3,59.9,59.9,109.99,76.59666666666666,33.39333333333333,43.59632708124809,659.9399999999999,High Performer,Potentially High
garden1,garden_tools,01-07-2017,1,120.0,74,4.3,59.9,59.9,59.9,59.9,60.1,100.3338898163606,120.0,High Performer,Potentially High
garden1,garden_tools,01-08-2017,2,120.0,113,4.3,59.9,59.9,59.9,59.9,60.1,100.3338898163606,240.0,High Performer,Potentially High
garden1,garden_tools,01-09-2017,7,102.5,115,4.3,59.9,59.9,59.9,59.9,42.6,71.11853088480802,717.5,High Performer,Potentially High
garden1,garden_tools,01-10-2017,17,95.29,146,4.3,59.9,59.9,59.9,59.9,35.39000000000001,59.08180300500836,1619.93,High Performer,Potentially High
garden1,garden_tools,01-11-2017,28,89.99,339,4.3,52.40694444,53.64828125,53.78571429,53.28031332666666,36.70968667333334,68.89915689546112,2519.72,High Performer,Potentially High
garden1,garden_tools,01-12-2017,27,89.99,184,4.3,55.1,55.425,55.75,55.425000000000004,34.56499999999999,62.36355435272889,2429.73,High Performer,Potentially High
garden1,garden_tools,01-01-2018,11,127.7272727,137,4.3,49.9,49.9,49.9,49.9,77.82727270000001,155.96647835671345,1404.9999997,High Performer,Potentially High
garden1,garden_tools,01-02-2018,7,120.0,160,4.3,50.54516129,50.9,50.35714286,50.60076805,69.39923195,137.15055052410415,840.0,High Performer,Potentially High
garden1,garden_tools,01-03-2018,6,110.0,116,4.3,53.9,53.9,53.9,53.9,56.1,104.08163265306123,660.0,High Performer,Potentially High
garden1,garden_tools,01-04-2018,5,110.0,111,4.3,53.9,53.9,53.9,53.9,56.1,104.08163265306123,550.0,High Performer,Potentially High
garden1,garden_tools,01-05-2018,2,110.0,102,4.3,53.41515152,53.70952381,53.05789474,53.39419002333333,56.60580997666667,106.0149240056453,220.0,High Performer,Potentially High
garden1,garden_tools,01-06-2018,6,89.99,58,4.3,49.9,49.9,49.9,49.9,40.089999999999996,80.34068136272545,539.9399999999999,High Performer,Potentially High
garden1,garden_tools,01-07-2018,7,99.99,54,4.3,49.91,49.9,49.9,49.903333333333336,50.08666666666666,100.36737692872886,699.93,High Performer,Potentially High
garden1,garden_tools,01-08-2018,6,98.32333333,46,4.3,49.91,49.9,49.9,49.903333333333336,48.41999999666666,97.02758666087769,589.93999998,High Performer,Potentially High
cool1,cool_stuff,01-02-2017,7,85.70428571,7,4.2,85.70428571,85.70428571,85.70428571,85.70428570999998,1.4210854715202004e-14,1.6581264982812734e-14,599.9299999699999,Low Performer,Within Range
cool1,cool_stuff,01-03-2017,14,99.99,22,4.2,99.99,129.99,99.99,109.99000000000001,-10.000000000000014,-9.091735612328405,1399.86,Low Performer,Within Range
cool1,cool_stuff,01-04-2017,17,99.99,33,4.2,99.99,129.99,99.99,109.99000000000001,-10.000000000000014,-9.091735612328405,1699.83,Low Performer,Within Range
cool1,cool_stuff,01-05-2017,22,99.99,58,4.2,99.99,129.99,99.99,109.99000000000001,-10.000000000000014,-9.091735612328405,2199.7799999999997,Low Performer,Within Range
cool1,cool_stuff,01-06-2017,14,99.99,42,4.2,99.99,129.99,99.99,109.99000000000001,-10.000000000000014,-9.091735612328405,1399.86,Low Performer,Within Range
cool1,cool_stuff,01-07-2017,11,99.99,42,4.2,99.99,129.99,99.99,109.99000000000001,-10.000000000000014,-9.091735612328405,1099.8899999999999,Low Performer,Within Range
cool1,cool_stuff,01-08-2017,14,99.99,39,4.2,99.99,116.9275,99.99,105.63583333333332,-5.645833333333329,-5.34461948675875,1399.86,Low Performer,Within Range
cool1,cool_stuff,01-09-2017,3,99.99,10,4.2,99.99,99.99,29.5,76.49333333333333,23.49666666666667,30.71727383649992,299.96999999999997,Low Performer,Potentially High
cool1,cool_stuff,01-10-2017,2,99.99,33,4.2,99.99,119.99,99.99,106.65666666666665,-6.666666666666657,-6.250585992436783,199.98,Low Performer,Within Range
cool1,cool_stuff,01-11-2017,4,99.99,42,4.2,99.99,129.99,99.99,109.99000000000001,-10.000000000000014,-9.091735612328405,399.96,Low Performer,Within Range
cool1,cool_stuff,01-12-2017,3,99.99,38,4.2,99.99,129.99,99.99,109.99000000000001,-10.000000000000014,-9.091735612328405,299.96999999999997,Low Performer,Within Range
cool1,cool_stuff,01-01-2018,3,99.99,102,4.2,99.99,129.99,29.5,86.49333333333334,13.496666666666655,15.60428549406504,299.96999999999997,Low Performer,Potentially High
cool1,cool_stuff,01-02-2018,1,99.99,20,4.2,99.99,129.99,99.99,109.99000000000001,-10.000000000000014,-9.091735612328405,99.99,Low Performer,Within Range
cool1,cool_stuff,01-03-2018,2,99.99,45,4.2,99.99,129.99,35.0,88.32666666666667,11.663333333333327,13.204770171333676,199.98,Low Performer,Within Range
cool1,cool_stuff,01-04-2018,3,89.86333333,18,4.2,89.86333333,129.99,35.0,84.95111111,4.912222220000004,5.78241079582744,269.58999999,Low Performer,Within Range
computers4,computers_accessories,01-02-2017,3,159.99,3,4.2,159.99,159.99,159.99,159.99,0.0,0.0,479.97,High Performer,Within Range
computers4,computers_accessories,01-03-2017,3,159.99,3,4.2,159.99,159.99,159.99,159.99,0.0,0.0,479.97,High Performer,Within Range
computers4,computers_accessories,01-04-2017,5,139.99,5,4.2,139.99,139.99,139.99,139.99,0.0,0.0,699.95,High Performer,Within Range
computers4,computers_accessories,01-06-2017,3,159.99,15,4.2,159.99,159.99,159.99,159.99,0.0,0.0,479.97,High Performer,Within Range
computers4,computers_accessories,01-07-2017,6,139.99,17,4.2,139.99,139.99,139.99,139.99,0.0,0.0,839.94,High Performer,Within Range
computers4,computers_accessories,01-08-2017,7,145.7042857,15,4.2,145.7042857,145.7042857,145.7042857,145.7042857,0.0,0.0,1019.9299999000001,High Performer,Within Range
computers4,computers_accessories,01-09-2017,11,151.99,15,4.2,151.99,151.99,151.99,151.99,0.0,0.0,1671.89,High Performer,Within Range
computers4,computers_accessories,01-10-2017,17,154.6958824,31,4.2,154.6958824,154.6958824,154.6958824,154.6958824,0.0,0.0,2629.8300007999997,High Performer,Within Range
computers4,computers_accessories,01-11-2017,18,149.99,36,4.2,149.99,149.99,109.9,136.62666666666667,13.363333333333344,9.780911486288678,2699.82,High Performer,Within Range
computers4,computers_accessories,01-12-2017,23,149.99,35,4.2,149.99,149.99,109.9,136.62666666666667,13.363333333333344,9.780911486288678,3449.7700000000004,High Performer,Within Range
computers4,computers_accessories,01-01-2018,43,156.5113514,152,4.2,156.5113514,150.3545455,97.6425,134.8361323,21.675219099999993,16.07523052632087,6729.9881102,High Performer,Potentially High
computers4,computers_accessories,01-02-2018,31,149.0,202,4.2,149.0,149.9,78.7122807,125.87076023333333,23.12923976666667,18.37538736064736,4619.0,High Performer,Potentially High
computers4,computers_accessories,01-03-2018,44,136.1428571,127,4.2,136.1428571,149.9,81.02391304,122.35559004666668,13.78726705333331,11.268195468694824,5990.285712399999,High Performer,Within Range
computers4,computers_accessories,01-04-2018,56,120.9230769,107,4.2,120.9230769,149.9,80.66666667,117.16324785666666,3.7598290433333403,3.2090515687419154,6771.6923064,High Performer,Within Range
computers4,computers_accessories,01-05-2018,25,119.0,78,4.2,119.0,149.9,79.8,116.23333333333333,2.7666666666666657,2.380269572698594,2975.0,High Performer,Within Range
computers4,computers_accessories,01-06-2018,27,114.4911538,66,4.2,114.4911538,149.9,78.9,114.43038459999998,0.06076920000002417,0.053105825181351506,3091.2611526,High Performer,Within Range
computers4,computers_accessories,01-07-2018,9,119.99,43,4.2,119.99,149.9,77.9,115.92999999999999,4.060000000000002,3.5021133442594694,1079.9099999999999,High Performer,Within Range
computers4,computers_accessories,01-08-2018,10,119.99,18,4.2,119.99,149.9,77.9,115.92999999999999,4.060000000000002,3.5021133442594694,1199.8999999999999,High Performer,Within Range
watches7,watches_gifts,01-08-2017,2,339.0,48,3.7,160.6692308,339.0,179.9,226.52307693333333,112.47692306666667,49.65362672509039,678.0,High-Value / Lower Volume,Potentially High
watches7,watches_gifts,01-09-2017,1,339.0,54,3.7,148.7785714,339.0,164.57,217.44952380000004,121.55047619999996,55.89824897101013,339.0,High-Value / Lower Volume,Potentially High
watches7,watches_gifts,01-10-2017,10,346.158,43,3.7,134.9,346.158,232.49,237.84933333333333,108.30866666666668,45.53667027305802,3461.58,High-Value / Lower Volume,Potentially High
watches7,watches_gifts,01-11-2017,9,345.7066667,91,3.7,133.0,108.0,174.4333333,138.47777776666666,207.22888893333337,149.6477574058933,3111.3600003,High-Value / Lower Volume,Potentially High
watches7,watches_gifts,01-12-2017,11,348.8,73,3.7,149.0,108.0,185.96,147.65333333333334,201.14666666666668,136.2290048762868,3836.8,High-Value / Lower Volume,Potentially High
watches7,watches_gifts,01-01-2018,1,339.9,59,3.7,339.9,108.0,199.0,215.63333333333333,124.26666666666665,57.62869067862111,339.9,High-Value / Lower Volume,Potentially High
watches7,watches_gifts,01-02-2018,5,347.0,90,3.7,128.2416667,108.0,182.0,139.4138889,207.5861111,148.89916115093754,1735.0,High-Value / Lower Volume,Potentially High
watches7,watches_gifts,01-03-2018,6,307.8333333,125,3.7,117.4412903,105.6428571,151.8784375,124.98752830000001,182.84580499999998,146.2912400036636,1846.9999997999998,High-Value / Lower Volume,Potentially High
watches7,watches_gifts,01-04-2018,6,280.6666667,178,3.7,105.648625,105.0,150.1333333,120.26065276666667,160.40601393333333,133.3819584736147,1684.0000002000002,High-Value / Lower Volume,Potentially High
watches7,watches_gifts,01-05-2018,23,258.9695652,260,3.7,103.7925234,105.0,132.53125,113.77459113333333,145.19497406666665,127.6163444055022,5956.2999996,High-Value / Lower Volume,Potentially High
watches7,watches_gifts,01-06-2018,4,245.9,93,3.7,119.0,105.0,138.22,120.74000000000001,125.16,103.66075865496107,983.6,High-Value / Lower Volume,Potentially High
watches7,watches_gifts,01-07-2018,45,169.3493182,122,3.7,118.3636364,105.0,155.0,126.12121213333334,43.228106066666655,34.27504805533155,7620.719319,High-Value / Lower Volume,Potentially High
computers3,computers_accessories,01-05-2017,15,178.0571429,11,4.2,178.0571429,178.0571429,178.0571429,178.0571429,0.0,0.0,2670.8571435,High-Value / Lower Volume,Within Range
computers3,computers_accessories,01-06-2017,15,149.8525,15,4.2,159.99,149.8525,149.8525,153.23166666666665,-3.379166666666663,-2.205266535420222,2247.7875,High-Value / Lower Volume,Within Range
computers3,computers_accessories,01-07-2017,4,146.6,17,4.2,139.99,146.6,146.6,144.39666666666668,2.203333333333319,1.5258893326253968,586.4,High-Value / Lower Volume,Within Range
computers3,computers_accessories,01-08-2017,13,144.96,15,4.2,145.7042857,144.96,144.96,145.20809523333335,-0.24809523333334482,-0.17085496021050564,1884.48,High-Value / Lower Volume,Within Range
computers3,computers_accessories,01-09-2017,12,138.59,15,4.2,151.99,138.59,138.59,143.0566666666667,-4.466666666666697,-3.1223058461682056,1663.08,High-Value / Lower Volume,Within Range
computers3,computers_accessories,01-10-2017,16,137.9,31,4.2,154.6958824,137.9,137.9,143.49862746666668,-5.59862746666667,-3.9015198720051707,2206.4,High-Value / Lower Volume,Within Range
computers3,computers_accessories,01-11-2017,18,137.9,36,4.2,149.99,137.9,109.9,132.59666666666666,5.303333333333342,3.9995977777219203,2482.2000000000003,High-Value / Lower Volume,Within Range
computers3,computers_accessories,01-12-2017,2,134.9,35,4.2,149.99,134.9,109.9,131.59666666666666,3.3033333333333417,2.5101952937004546,269.8,High-Value / Lower Volume,Within Range
computers3,computers_accessories,01-01-2018,5,133.0,152,4.2,156.5113514,150.3545455,97.6425,134.8361323,-1.8361323000000027,-1.3617509407009316,665.0,High-Value / Lower Volume,Within Range
computers3,computers_accessories,01-02-2018,3,132.97,202,4.2,149.0,149.9,78.7122807,125.87076023333333,7.0992397666666704,5.640102398290462,398.90999999999997,High-Value / Lower Volume,Within Range
health4,health_beauty,01-10-2017,1,29.9,81,4.5,23.99,89.99,58.99,57.656666666666666,-27.756666666666668,-48.14129617852807,29.9,Low Performer,Potentially Low
health4,health_beauty,01-11-2017,6,29.9,139,4.5,23.99,89.99,58.99,57.656666666666666,-27.756666666666668,-48.14129617852807,179.39999999999998,Low Performer,Potentially Low
health4,health_beauty,01-12-2017,6,29.9,112,4.5,23.99,89.99,58.99,57.656666666666666,-27.756666666666668,-48.14129617852807,179.39999999999998,Low Performer,Potentially Low
health4,health_beauty,01-01-2018,15,29.9,98,4.5,23.99,89.99,58.99,57.656666666666666,-27.756666666666668,-48.14129617852807,448.5,Low Performer,Potentially Low
health4,health_beauty,01-02-2018,16,29.9,126,4.5,23.99,89.99,58.99,57.656666666666666,-27.756666666666668,-48.14129617852807,478.4,Low Performer,Potentially Low
health4,health_beauty,01-03-2018,11,29.9,169,4.5,23.99,83.74,58.99,55.57333333333333,-25.673333333333332,-46.19721689059501,328.9,Low Performer,Potentially Low
health4,health_beauty,01-04-2018,22,29.9,118,4.5,29.9,79.99,58.99,56.29333333333333,-26.39333333333333,-46.88536238749408,657.8,Low Performer,Potentially Low
health4,health_beauty,01-05-2018,22,29.9,159,4.5,23.99,79.99,58.99,54.32333333333333,-24.423333333333332,-44.9591949438547,657.8,Low Performer,Potentially Low
health4,health_beauty,01-06-2018,7,29.9,131,4.5,23.99,79.99,58.99,54.32333333333333,-24.423333333333332,-44.9591949438547,209.29999999999998,Low Performer,Potentially Low
health4,health_beauty,01-07-2018,18,29.9,113,4.5,23.99,79.99,58.99,54.32333333333333,-24.423333333333332,-44.9591949438547,538.1999999999999,Low Performer,Potentially Low
health4,health_beauty,01-08-2018,13,29.9,127,4.5,23.99,82.82142857,58.99,55.26714285666666,-25.36714285666666,-45.899139245275315,388.7,Low Performer,Potentially Low
watches1,watches_gifts,01-03-2017,5,241.006,6,3.8,241.006,241.006,241.006,241.006,0.0,0.0,1205.03,High Performer,Within Range
watches1,watches_gifts,01-04-2017,3,255.61,3,3.8,255.61,255.61,255.61,255.61,0.0,0.0,766.83,High Performer,Within Range
watches1,watches_gifts,01-06-2017,5,185.0,17,3.8,163.0,185.0,185.0,177.66666666666666,7.333333333333343,4.12757973733584,925.0,High Performer,Within Range
watches1,watches_gifts,01-07-2017,10,197.383,29,3.8,161.5909091,197.383,197.383,185.45230303333335,11.930696966666659,6.433296740737819,1973.8300000000002,High Performer,Within Range
watches1,watches_gifts,01-08-2017,15,179.9,48,3.8,160.6692308,179.9,179.9,173.4897436,6.410256400000009,3.6948906990026864,2698.5,High Performer,Within Range
watches1,watches_gifts,01-09-2017,20,164.57,54,3.8,148.7785714,164.57,164.57,159.30619046666666,5.26380953333333,3.3042090316224924,3291.3999999999996,High Performer,Within Range
watches1,watches_gifts,01-10-2017,4,232.49,43,3.8,134.9,232.49,232.49,199.96,32.53,16.268253650730145,929.96,High Performer,Potentially High
watches1,watches_gifts,01-11-2017,18,174.4333333,91,3.8,133.0,108.0,174.4333333,138.47777776666666,35.955555533333325,25.964855959717948,3139.7999993999997,High Performer,Potentially High
watches1,watches_gifts,01-12-2017,5,185.96,73,3.8,149.0,108.0,185.96,147.65333333333334,38.30666666666667,25.943651797001987,929.8000000000001,High Performer,Potentially High
watches1,watches_gifts,01-01-2018,2,199.0,59,3.8,199.0,108.0,199.0,168.66666666666666,30.333333333333343,17.984189723320164,398.0,High Performer,Potentially High
watches1,watches_gifts,01-02-2018,6,182.0,90,3.8,128.2416667,108.0,182.0,139.4138889,42.58611110000001,30.546534090693466,1092.0,High Performer,Potentially High
watches1,watches_gifts,01-03-2018,32,151.8784375,125,3.8,117.4412903,105.6428571,151.8784375,124.98752830000001,26.89090919999998,21.51487397643016,4860.11,High Performer,Potentially High
watches1,watches_gifts,01-04-2018,9,150.1333333,178,3.8,105.648625,105.0,150.1333333,120.26065276666667,29.872680533333337,24.83994544025402,1351.1999997,High Performer,Potentially High
watches1,watches_gifts,01-05-2018,32,132.53125,260,3.8,103.7925234,105.0,132.53125,113.77459113333333,18.75665886666667,16.485806435186916,4241.0,High Performer,Potentially High
watches1,watches_gifts,01-06-2018,15,138.22,93,3.8,119.0,105.0,138.22,120.74000000000001,17.47999999999999,14.477389431836995,2073.3,High Performer,Within Range
watches1,watches_gifts,01-07-2018,2,155.0,122,3.8,118.3636364,105.0,155.0,126.12121213333334,28.878787866666656,22.89764535099493,310.0,High Performer,Potentially High
watches1,watches_gifts,01-08-2018,11,145.5509091,61,3.8,112.0,105.0,145.5509091,120.85030303333333,24.70060606666668,20.43901045068433,1601.0600001000003,High Performer,Potentially High
computers2,computers_accessories,01-11-2017,1,109.9,36,3.5,149.99,109.9,109.9,123.26333333333332,-13.363333333333316,-10.84128829876415,109.9,High Performer,Within Range
computers2,computers_accessories,01-12-2017,12,109.9,35,3.5,149.99,109.9,109.9,123.26333333333332,-13.363333333333316,-10.84128829876415,1318.8000000000002,High Performer,Within Range
computers2,computers_accessories,01-01-2018,29,97.6425,152,3.5,156.5113514,150.3545455,97.6425,134.8361323,-37.193632300000004,-27.584321550581887,2831.6325,High Performer,Potentially Low
computers2,computers_accessories,01-02-2018,71,78.7122807,202,3.5,149.0,149.9,78.7122807,125.87076023333333,-47.158479533333335,-37.4657938395805,5588.5719297,High Performer,Potentially Low
computers2,computers_accessories,01-03-2018,27,81.02391304,127,3.5,136.1428571,149.9,81.02391304,122.35559004666668,-41.33167700666668,-33.77996623685333,2187.6456520799998,High Performer,Potentially Low
computers2,computers_accessories,01-04-2018,13,80.66666667,107,3.5,120.9230769,149.9,80.66666667,117.16324785666666,-36.49658118666666,-31.15019586288294,1048.66666671,High Performer,Potentially Low
computers2,computers_accessories,01-05-2018,11,79.8,78,3.5,119.0,149.9,79.8,116.23333333333333,-36.43333333333334,-31.344995698308004,877.8,High Performer,Potentially Low
computers2,computers_accessories,01-06-2018,10,78.9,66,3.5,114.4911538,149.9,78.9,114.43038459999998,-35.53038459999998,-31.049781685344417,789.0,High Performer,Potentially Low
computers2,computers_accessories,01-07-2018,7,77.9,43,3.5,119.99,149.9,77.9,115.92999999999999,-38.02999999999999,-32.80427844388855,545.3000000000001,High Performer,Potentially Low
computers2,computers_accessories,01-08-2018,2,77.9,18,3.5,119.99,149.9,77.9,115.92999999999999,-38.02999999999999,-32.80427844388855,155.8,High Performer,Potentially Low
bed4,bed_bath_table,01-10-2017,29,45.9,50,4.2,89.9,45.9,45.95,60.583333333333336,-14.683333333333337,-24.236588720770293,1331.1,Low Performer,Potentially Low
bed4,bed_bath_table,01-11-2017,32,44.15444444,97,4.2,89.9,44.15444444,40.53181818,58.19542087333334,-14.040976433333341,-24.12728737522935,1412.94222208,Low Performer,Potentially Low
bed4,bed_bath_table,01-12-2017,12,45.9,41,4.2,88.48823529,45.9,39.99,58.12607843000001,-12.226078430000008,-21.033723175946943,550.8,Low Performer,Potentially Low
bed4,bed_bath_table,01-01-2018,19,45.9,62,4.2,86.9,45.9,39.99,57.59666666666667,-11.696666666666673,-20.307888187973848,872.1,Low Performer,Potentially Low
bed4,bed_bath_table,01-02-2018,16,45.9,62,4.2,86.9,45.9,39.99,57.59666666666667,-11.696666666666673,-20.307888187973848,734.4,Low Performer,Potentially Low
bed4,bed_bath_table,01-03-2018,8,47.9,43,4.2,86.9,47.9,39.99,58.26333333333334,-10.363333333333344,-17.787058756221768,383.2,Low Performer,Potentially Low
bed4,bed_bath_table,01-04-2018,7,47.9,34,4.2,85.045,47.9,39.99,57.645,-9.745000000000005,-16.90519559372019,335.3,Low Performer,Potentially Low
bed4,bed_bath_table,01-05-2018,2,47.9,57,4.2,83.64961538,47.9,39.99,57.17987179333334,-9.279871793333342,-16.229263029609122,95.8,Low Performer,Potentially Low
bed4,bed_bath_table,01-06-2018,4,47.9,43,4.2,79.9,47.9,39.99,55.93000000000001,-8.030000000000008,-14.357232254603982,191.6,Low Performer,Within Range
bed4,bed_bath_table,01-07-2018,2,47.9,26,4.2,77.93333333,47.9,39.99,55.27444444333333,-7.374444443333331,-13.341508028893026,95.8,Low Performer,Within Range
bed5,bed_bath_table,01-05-2017,1,215.0,57,4.4,89.9,215.0,45.95,116.94999999999999,98.05000000000001,83.8392475416845,215.0,High Performer,Potentially High
bed5,bed_bath_table,01-06-2017,10,209.0,61,4.4,89.9,209.0,45.95,114.94999999999999,94.05000000000001,81.81818181818184,2090.0,High Performer,Potentially High
bed5,bed_bath_table,01-07-2017,59,205.0,123,4.4,89.9,205.0,45.95,113.61666666666666,91.38333333333334,80.43127475429075,12095.0,High Performer,Potentially High
bed5,bed_bath_table,01-08-2017,52,199.5098039,90,4.4,89.9,199.5098039,45.95,111.78660130000002,87.7232026,78.47380775499074,10374.509802800001,High Performer,Potentially High
bed5,bed_bath_table,01-09-2017,32,163.3987097,54,4.4,89.9,163.3987097,45.95,99.7495699,63.649139800000015,63.8089365836955,5228.7587104,High Performer,Potentially High
